
{
"1":{ "name":"Wilaya d'Adrar","code":"A"},
"2":{ "name":"Chlef","code":"A"},
"3":{ "name":"Wilaya de Laghouat","code":"A"},
"4":{ "name":"Oum El Bouaghi","code":"A"},
"5":{ "name":"Wilaya de Batna","code":"A"},
"6":{ "name":"Béjaïa","code":"A"},
"7":{ "name":"Wilaya de Biskra","code":"A"},
"8":{ "name":"Béchar","code":"A"},
"9":{ "name":"Blida","code":"A"},
"10":{ "name":"Bouira","code":"A"},
"11":{ "name":"Wilaya de Tamanrasset","code":"A"},
"12":{ "name":"Tébessa","code":"A"},
"13":{ "name":"Tlemcen","code":"A"},
"14":{ "name":"Wilaya de Tiaret","code":"A"},
"15":{ "name":"Tizi Ouzou","code":"A"},
"16":{ "name":"Alger","code":"A"},
"17":{ "name":"Wilaya de Djelfa","code":"A"},
"18":{ "name":"Wilaya de Jijel","code":"A"},
"19":{ "name":"Sétif","code":"A"},
"20":{ "name":"Wilaya de Saïda","code":"A"},
"21":{ "name":"Wilaya de Skikda","code":"A"},
"22":{ "name":"Sidi Bel Abbès","code":"A"},
"23":{ "name":"Annaba","code":"A"},
"24":{ "name":"Guelma","code":"A"},
"25":{ "name":"Constantine","code":"A"},
"26":{ "name":"Médéa","code":"A"},
"27":{ "name":"Mostaganem","code":"A"},
"28":{ "name":"M'Sila","code":"A"},
"29":{ "name":"Mascara","code":"A"},
"30":{ "name":"Ouargla","code":"A"},
"31":{ "name":"Oran","code":"A"},
"32":{ "name":"El Bayadh","code":"A"},
"33":{ "name":"Wilaya d'Illizi","code":"A"},
"34":{ "name":"Bordj Bou Arreridj","code":"A"},
"35":{ "name":"Boumerdès","code":"A"},
"36":{ "name":"El Tarf","code":"A"},
"37":{ "name":"Wilaya de Tindouf","code":"A"},
"38":{ "name":"Wilaya de Tissemsilt","code":"A"},
"39":{ "name":"El Oued","code":"A"},
"40":{ "name":"Khenchela","code":"A"},
"41":{ "name":"Souk Ahras","code":"A"},
"42":{ "name":"Tipaza","code":"A"},
"43":{ "name":"Wilaya de Mila","code":"A"},
"44":{ "name":"Aïn Defla","code":"A"},
"45":{ "name":"Naâma","code":"A"},
"46":{ "name":"Aïn Témouchent","code":"A"},
"47":{ "name":"Ghardaïa","code":"A"},
"48":{ "name":"Wilaya de Relizane","code":"A"}
}




