
{
"1":{
        "name":"Alsace",
        "code":"A",
        "depts": [
                {"67" : "Bas-Rhin"}
                ,{"68" : "Haut-Rhin"}
        ]
   }
,
"2":{
        "name":"Aquitaine",
        "code":"A",
        "depts": [
                {"24" : "Dordogne"}
                ,{"33" : "Gironde"}
                ,{"40" : "Landes"}
                ,{"47" : "Lot-et-Garonne"}
                ,{"64" : "Pyrénées-Atlantiques"}
        ]
   }
,

"3":{
        "name":"Auvergne",
        "code":"A",
        "depts": [
                {"3" : "Allier"}
                ,{"33" : "Cantal"}
                ,{"15" : "Haute-Loire"}
                ,{"43" : "Puy-de-Dôme"}
                ,{"63" : "Pyrénées-Atlantiques"}        
        ]
   }
,

"4":{
        "name":"Basse-Normandie",
        "code":"A",
        "depts": [
                {"14" : "Calvados"}
                ,{"50" : "Manche"}
                ,{"61" : "Orne"}
    
        ]
   }
,

"5":{
        "name":"Bourgogne",
        "code":"A",
        "depts": [
                {"21" : "Côte-d'Or"}
                ,{"58" : "Nièvre"}
                ,{"71" : "Saône-et-Loire"}
                ,{"89" : "Yonne"}
    
        ]
   }
,

"6":{
        "name":"Bretagne",
        "code":"A",
        "depts": [
                {"22" : "Côtes-d'Armor"}
                ,{"29" : "Finistère"}
                ,{"35" : "Ille-et-Vilaine"}
                ,{"56" : "Morbihan"}
    
        ]
   }
,

"7":{
        "name":"Centre",
        "code":"A",
        "depts": [
                {"18" : "Cher"}
                ,{"28" : "Eure-et-Loir"}
                ,{"36" : "Indre"}
                ,{"37" : "Indre-et-Loire"}
                ,{"41" : "Loir-et-Cher"}
                ,{"45" : "Loiret"}
    
        ]
   }
,

"8":{
        "name":"Champagne-Ardenne",
        "code":"A",
        "depts": [
                {"8" : "Ardennes"}
                ,{"10" : "Aube"}
                ,{"51" : "Marne"}
                ,{"52" : "Haute-Marne"}

    
        ]
   }
,

"10":{
        "name":"Franche-Comté",
        "code":"A",
        "depts": [
                {"25" : "Doubs"}
                ,{"39" : "Doubs"}
                ,{"70" : "Haute-Saône"}
                ,{"90" : "Territoire de Belfort"}

    
        ]
   }
,

"11":{
        "name":"Haute-Normandie",
        "code":"A",
        "depts": [
                {"27" : "Eure"}
                ,{"76" : "Seine-Maritime"}
        ]
   }
,


"12":{
        "name":"Île-de-France",
        "code":"A",
        "depts": [
                {"75" : "Paris"}
                ,{"77" : "Seine-et-Marne"}
                ,{"78" : "Yvelines"}
                ,{"91" : "Essonne"}
                ,{"92" : "Hauts-de-Seine"}
                ,{"93" : "Seine-Saint-Denis"}
                ,{"94" : "Val-de-Marne"}
                ,{"95" : "Val-d'Oise"}

    
        ]
   }
,

"13":{
        "name":"Languedoc-Roussillon",
        "code":"A",
        "depts": [
                {"11" : "Aude"}
                ,{"30" : "Gard"}
                ,{"34" : "Hérault"}
                ,{"48" : "Lozère"}
                ,{"66" : "Pyrénées-Orientales"}    
        ]
   }
,

"14":{
        "name":"Limousin",
        "code":"A",
        "depts": [
                {"19" : "Corrèze"}
                ,{"23" : "Creuse"}
                ,{"87" : "Haute-Vienne"} 
        ]
   }
,

"15":{
        "name":"Lorraine",
        "code":"A",
        "depts": [
                {"54" : "Meurthe-et-Moselle"}
                ,{"55" : "Meuse"}
                ,{"57" : "Moselle"} 
                ,{"88" : "Vosges"} 
        ]
   }
,

"16":{
        "name":"Midi-Pyrénées",
        "code":"A",
        "depts": [
                {"16" : "Ariège"}
                ,{"12" : "Aveyron"}
                ,{"31" : "Haute-Garonne"} 
                ,{"32" : "Gers"} 
                ,{"46" : "Lot"} 
                ,{"65" : "Hautes-Pyrénées"} 
                ,{"81" : "Tarn"} 
                ,{"82" : "Tarn-et-Garonne"} 
        ]
   }
,

"17":{
        "name":"Nord-Pas-de-Calais",
        "code":"A",
        "depts": [
                {"59" : "Nord"}
                ,{"62" : "Pas-de-Calais"}
        ]
   }
,


"18":{
        "name":"Pays de la Loire",
        "code":"A",
        "depts": [
                {"44" : "Loire-Atlantique"}
                ,{"49" : "Maine-et-Loire"}
                ,{"53" : "Mayenne"}
                ,{"72" : "Sarthe"}
                ,{"85" : "Vendée"}
        ]
   }
,

"19":{
        "name":"Picardie",
        "code":"A",
        "depts": [
                {"2" : "Aisne"}
                ,{"60" : "Oise"}
                ,{"80" : "Somme"} 

        ]
   }
,

"20":{
        "name":"Poitou charentes",
        "code":"A",
        "depts": [
                {"16" : "Charente"}
                ,{"17" : "Charente-Maritime"}
                ,{"79" : "Deux-Sèvres"}
                ,{"86" : "Vienne"}  

        ]
   }
,

"21":{
        "name":"Provence-Alpes Côte d'Azur",
        "code":"A",
        "depts": [
                {"4" : "Alpes-de-Haute-Provence"}
                ,{"5" : "Hautes-Alpes"}
                ,{"6" : "Alpes-Maritimes"}
                ,{"13" : "Bouches-du-Rhône"} 
                ,{"83" : "Var"}  
                ,{"84" : "Vaucluse"} 
        ]
   }
,

 
"22":{
        "name":"Rhône-Alpes",
        "code":"A",
        "depts": [
                {"1" : "Ain"}
                ,{"7" : "Ardèche"}
                ,{"26" : "Drôme"}
                ,{"38" : "Isère"} 
                ,{"42" : "Loire"}  
                ,{"69" : "Rhône"} 
                ,{"73" : "Savoie"} 
                ,{"74" : "Haute-Savoie"} 
        ]
   }


}


