{
	"1":{ "name": "Dakar Region", "code":"A"},
	"2":{ "name": "Diourbel Region","code":"A"},
	"3":{ "name": "Fatick Region","code":"A"},
	"4":{ "name": "Kédougou Region","code":"A"},
	"5":{ "name": "Kaffrine Region","code":"A"},
	"6":{ "name": "Kaolack Region","code":"A"},
	"7":{ "name": "Kolda Region","code":"A"},
	"8":{ "name": "Louga Region","code":"A"},
	"9":{ "name": "Matam Region","code":"A"},
	"10":{ "name": "Sédhiou Region","code":"A"},
	"11":{ "name": "Saint-Louis Region","code":"A"},
	"12":{ "name": "Tambacounda Region","code":"A"},
    "13":{ "name": "Thiès Region","code":"A"},	
	"14":{ "name": "Ziguinchor Region","code":"A"}
}




