
{
	"101":{ "name": "Ariana","code":"A"},
	"102":{ "name": "Béja","code":"A"},
	"103":{ "name": "Ben Arous","code":"A"},
	"104":{ "name": "Bizerte","code":"A"},
	"105":{ "name": "Gabés","code":"A"},
	"106":{ "name": "Gafsa","code":"A"},
	"107":{ "name": "Jendouba","code":"A"},
	"108":{ "name":"Kairouan","code":"A"},
	"109":{ "name": "Kasserine","code":"A"},
	"110":{ "name": "Kébili","code":"A"},
	"111":{ "name": "Le Kef","code":"A"},
	"112":{ "name": "Mahdia","code":"A"},
	"113":{ "name": "La Manouba","code":"A"},
	"114":{ "name":"Médenine","code":"A"},
	"115":{ "name": "Monastir","code":"A"},
	"116":{ "name": "Nabeul","code":"A"},
	"117":{ "name": "Sfax","code":"A"},
	"118":{ "name": "Sidi Bouzid","code":"A"},
	"119":{ "name": "Siliana","code":"A"},
	"120":{ "name": "Sousse","code":"A"},
	"121":{ "name": "Tataouine","code":"A"},
	"122":{ "name": "Tozeur","code":"A"},
	"123":{ "name": "Tunis","code":"A"},
	"124":{ "name": "Zaghouan","code":"A"}	
}
