{
    "lastupdate": "2017-09-24 15:48:12",
    "datas": [
        {
            "htmlcode": "PGltZyBzcmM9Imh0dHA6Ly9sb2NhbGhvc3QvemFkc183MDJfYXJjaGl2ZS91cGxvYWRzL2ZpbGVzL3RtcF8yMDE3MDkyNC0xNDAxNDcuanBnIiAvPg==",
            "clicktrackingurl": "",
            "id": "1",
            "position": "sidebar_right_top"
        },
        {
            "htmlcode": "PGltZyBzcmM9Imh0dHA6Ly9sb2NhbGhvc3QvemFkc183MDJfYXJjaGl2ZS91cGxvYWRzL2ZpbGVzL3RtcF8yMDE3MDkyNC0xNDAyMTMuanBnIiAvPg==",
            "clicktrackingurl": "",
            "id": "2",
            "position": "ad_list_center_top"
        },
        {
            "htmlcode": "PGltZyBzcmM9Imh0dHA6Ly9sb2NhbGhvc3QvemFkc183MDJfYXJjaGl2ZS91cGxvYWRzL2ZpbGVzL3RtcF8yMDE3MDkyNC0xNDAyNDIuanBnIiAvPg==",
            "clicktrackingurl": "",
            "id": "3",
            "position": "sidebar_right_top2"
        },
        {
            "htmlcode": "PGltZyBzcmM9Imh0dHA6Ly9sb2NhbGhvc3QvemFkc183MDJfYXJjaGl2ZS91cGxvYWRzL2ZpbGVzL3RtcF8yMDE3MDkyNC0xNDAzNTYuanBnIiAvPg==",
            "clicktrackingurl": "",
            "id": "5",
            "position": "ad_detail_sidebar"
        },
        {
            "htmlcode": "PGltZyBzcmM9Imh0dHA6Ly9sb2NhbGhvc3QvemFkc183MDJfYXJjaGl2ZS91cGxvYWRzL2ZpbGVzL3RtcF8yMDE3MDkyNC0xNDA0NDUuanBnIiAvPg==",
            "clicktrackingurl": "www.zads.fr",
            "id": "6",
            "position": "page_center_top"
        },
        {
            "htmlcode": "PGltZyBzcmM9Imh0dHA6Ly9sb2NhbGhvc3QvemFkc183MDJfYXJjaGl2ZS91cGxvYWRzL2ZpbGVzL3RtcF8yMDE3MDkyNC0xNTAxNDguanBnIiAvPg==",
            "clicktrackingurl": "http:\/\/www.zads.fr",
            "id": "7",
            "position": "ad_list_inner_static"
        },
        {
            "htmlcode": "PGltZyBzcmM9Imh0dHA6Ly9sb2NhbGhvc3QvemFkc183MDJfYXJjaGl2ZS91cGxvYWRzL2ZpbGVzL3RtcF8yMDE3MDkyNC0xNTQ2NDEucG5nIiAvPg==",
            "clicktrackingurl": "",
            "id": "8",
            "position": "mob_ad_list_inner_static"
        }
    ]
}