{
  "payoptions":{
    "enable":true,
    "options":[
      {
        "name":"trial",
        "scope":"user",
        "en":true,
        "oi":"Essai",
        "price":"",
        "type":"service",
        "field":"",
        "desc":"Pack D\u00e9couverte",
        "help":"",
        "value":"yes",
        "price_pro_ht":"undefined",
        "isrecurrent":"",
        "totalbillingcycles":0
      },
      {
        "name":"immo",
        "scope":"user",
        "en":true,
        "oi":"Immo",
        "price":"",
        "type":"service",
        "field":"",
        "desc":"Pack WannImmo",
        "help":"",
        "value":"yes",
        "price_pro_ht":"undefined",
        "isrecurrent":"",
        "totalbillingcycles":0
      },
      {
        "name":"auto",
        "scope":"user",
        "en":true,
        "oi":"Auto",
        "price":"",
        "type":"service",
        "field":"",
        "desc":"Pack WannAuto",
        "help":"",
        "value":"yes",
        "price_pro_ht":"undefined",
        "isrecurrent":"",
        "totalbillingcycles":0
      },
      {
        "name":"moto",
        "scope":"user",
        "en":true,
        "oi":"Moto",
        "price":"",
        "type":"service",
        "field":"",
        "desc":"Pack WannMoto",
        "help":"",
        "value":"yes",
        "price_pro_ht":"undefined",
        "isrecurrent":"",
        "totalbillingcycles":0
      },
      {
        "name":"emploi",
        "scope":"user",
        "en":true,
        "oi":"Emploi",
        "price":"",
        "type":"service",
        "field":"",
        "desc":"Pack WannEmploi",
        "help":"",
        "value":"yes",
        "price_pro_ht":"undefined",
        "isrecurrent":"",
        "totalbillingcycles":0
      },
      {
        "name":"services",
        "scope":"user",
        "en":true,
        "oi":"Services",
        "price":"",
        "type":"service",
        "field":"",
        "desc":"Pack WannEmploi",
        "help":"",
        "value":"yes",
        "price_pro_ht":"undefined",
        "isrecurrent":"",
        "totalbillingcycles":0
      },
      {
        "name":"putontopgallery",
        "en":true,
        "type":"label",
        "desc":"*",
        "help":"*",
        "isrecurrent":"",
        "totalbillingcycles":0
      },
      {
        "name":"putontopgallery7days",
        "en":true,
        "oi":"pu10_topgal_7days",
        "price":"5.0",
        "price_pro_ht":"8.00",
        "price_pro_ttc":"8.00",
        "vat":"20",
        "type":"checkbox",
        "family":"ptg",
        "field":"",
        "desc":"*",
        "help":"",
        "value":7,
        "unit":"days",
        "isrecurrent":"",
        "totalbillingcycles":0
      },
      {
        "name":"putontopgallery15days",
        "en":true,
        "oi":"pu11_topgal_15days",
        "price":"7.5",
        "price_pro_ht":"12.00",
        "price_pro_ttc":"12.00",
        "vat":"20",
        "type":"checkbox",
        "family":"ptg",
        "field":"",
        "desc":"*",
        "help":"",
        "value":15,
        "unit":"days",
        "isrecurrent":"",
        "totalbillingcycles":0
      },
      {
        "name":"putontopgallery30days",
        "en":true,
        "oi":"pu12_topgal_30days",
        "price":"16.0",
        "price_pro_ht":"25.60",
        "price_pro_ttc":"25.60",
        "vat":"20",
        "type":"checkbox",
        "family":"ptg",
        "field":"",
        "desc":"*",
        "help":"",
        "value":30,
        "unit":"days",
        "isrecurrent":"",
        "totalbillingcycles":0
      },
      {
        "name":"pushtotop",
        "en":true,
        "type":"label",
        "desc":"*",
        "help":"*",
        "isrecurrent":"",
        "totalbillingcycles":0
      },
      {
        "name":"pushtotoponceaweek",
        "en":true,
        "oi":"pt10_push_onceaweek",
        "price":"1.0",
        "price_pro_ht":"1.60",
        "price_pro_ttc":"4.3",
        "vat":"20",
        "type":"checkbox",
        "family":"ptt",
        "field":"",
        "desc":"*",
        "help":"",
        "value":1,
        "unit":"week",
        "when":"week",
        "isrecurrent":"",
        "totalbillingcycles":0
      },
      {
        "name":"pushtotop7days",
        "en":true,
        "oi":"pt10_push_7days",
        "price":"2.0",
        "price_pro_ht":"3.20",
        "price_pro_ttc":"1.60",
        "vat":"20",
        "type":"checkbox",
        "family":"ptt",
        "field":"",
        "desc":"*",
        "help":"",
        "value":7,
        "unit":"days",
        "isrecurrent":"",
        "totalbillingcycles":0
      },
      {
        "name":"pushtotop15days",
        "en":true,
        "oi":"pt11_push_15days",
        "price":"4.5",
        "price_pro_ht":"7.20",
        "price_pro_ttc":"7.20",
        "vat":"20",
        "type":"checkbox",
        "family":"ptt",
        "field":"",
        "desc":"*",
        "help":"",
        "value":15,
        "unit":"days",
        "isrecurrent":"",
        "totalbillingcycles":0
      },
      {
        "name":"pushtotop30days",
        "en":true,
        "oi":"pt12_push_30days",
        "price":"8.5",
        "price_pro_ht":"13.60",
        "price_pro_ttc":"13.60",
        "vat":"20",
        "type":"checkbox",
        "family":"ptt",
        "field":"",
        "desc":"*",
        "help":"",
        "value":30,
        "unit":"days",
        "isrecurrent":"",
        "totalbillingcycles":0
      },
      {
        "name":"urgentad",
        "en":true,
        "type":"label",
        "desc":"*",
        "help":"*",
        "isrecurrent":"",
        "totalbillingcycles":0
      },
      {
        "name":"urgentad7days",
        "en":true,
        "oi":"pur07_urgent_7days",
        "price":"1.5",
        "price_pro_ht":"2.40",
        "price_pro_ttc":"2.40",
        "vat":"20",
        "type":"checkbox",
        "family":"urg",
        "field":"",
        "desc":"*",
        "help":"",
        "value":7,
        "unit":"days",
        "isrecurrent":"",
        "totalbillingcycles":0
      },
      {
        "name":"urgentad15days",
        "en":true,
        "oi":"pur15_urgent_15days",
        "price":"2.5",
        "price_pro_ht":"4.00",
        "price_pro_ttc":"4.00",
        "vat":"20",
        "type":"checkbox",
        "family":"urg",
        "field":"",
        "desc":"*",
        "help":"",
        "value":15,
        "unit":"days",
        "isrecurrent":"",
        "totalbillingcycles":0
      },
      {
        "name":"urgentad30days",
        "en":true,
        "oi":"ur130_urgent_30days",
        "price":"5.0",
        "price_pro_ht":"8.00",
        "price_pro_ttc":"8.00",
        "vat":"20",
        "type":"checkbox",
        "family":"urg",
        "field":"",
        "desc":"*",
        "help":"",
        "value":30,
        "unit":"days",
        "isrecurrent":"",
        "totalbillingcycles":0
      },
      {
        "name":"specialcolor",
        "en":true,
        "type":"label",
        "desc":"*",
        "help":"*",
        "isrecurrent":"",
        "totalbillingcycles":0
      },
      {
        "name":"specialcoloronceaweek",
        "en":true,
        "oi":"psc0w_spcolor_onceaweek",
        "price":"1.0",
        "price_pro_ht":"1.60",
        "price_pro_ttc":"1.60",
        "vat":"20",
        "type":"checkbox",
        "family":"col",
        "field":"",
        "desc":"*",
        "help":"*",
        "value":1,
        "unit":"week",
        "when":"week",
        "isrecurrent":"",
        "totalbillingcycles":0
      },
      {
        "name":"specialcolor7days",
        "en":true,
        "oi":"psc07_spcolor_7days",
        "price":"1.5",
        "price_pro_ht":"2.40",
        "price_pro_ttc":"2.40",
        "vat":"20",
        "type":"checkbox",
        "family":"col",
        "field":"",
        "desc":"*",
        "help":"*",
        "value":7,
        "unit":"days",
        "isrecurrent":"",
        "totalbillingcycles":0
      },
      {
        "name":"specialcolor15days",
        "en":true,
        "oi":"psc15_spcolor_15days",
        "price":"2.5",
        "price_pro_ht":"4.00",
        "price_pro_ttc":"4.00",
        "vat":"20",
        "type":"checkbox",
        "family":"col",
        "field":"",
        "desc":"*",
        "help":"",
        "value":15,
        "unit":"days",
        "isrecurrent":"",
        "totalbillingcycles":0
      },
      {
        "name":"specialcolor30days",
        "en":true,
        "oi":"psc30_spcolor_30days",
        "price":"5.0",
        "price_pro_ht":"8.00",
        "price_pro_ttc":"8.00",
        "vat":"20",
        "type":"checkbox",
        "family":"col",
        "field":"",
        "desc":"*",
        "help":"",
        "value":30,
        "unit":"days",
        "isrecurrent":"",
        "totalbillingcycles":0
      },
      {
        "name":"otherpaidoptions",
        "en":true,
        "type":"label",
        "desc":"*",
        "help":"",
        "isrecurrent":"",
        "totalbillingcycles":0
      },
      {
        "name":"addpics",
        "en":true,
        "nb":2,
        "oi":"p13_addpics",
        "price":"1.0",
        "price_pro_ht":"1.60",
        "price_pro_ttc":"1.60",
        "vat":"20",
        "type":"checkbox",
        "family":"addpics",
        "field":"",
        "desc":"addpics",
        "help":"",
        "value":"1",
        "isrecurrent":"",
        "totalbillingcycles":0
      },
      {
        "name":"paidvideo",
        "en":true,
        "nb":1,
        "oi":"p11_video",
        "price":"2.0",
        "price_pro_ht":"3.20",
        "price_pro_ttc":"3.20",
        "vat":"20",
        "type":"checkbox",
        "family":"addvideo",
        "field":"videoembed",
        "desc":"paidvideo",
        "help":"",
        "value":"1",
        "isrecurrent":"",
        "totalbillingcycles":0
      },
      {
        "name":"paidplan_plan_0",
        "scope":"user",
        "en":false,
        "oi":"SAMPLE",
        "price":"0",
        "price_pro_ht":"0",
        "type":"user-subscription",
        "field":"",
        "desc":"GRATUITT",
        "help":"",
        "value":"yes",
        "isrecurrent":"",
        "billingfrequency":"0",
        "totalbillingcycles":0,
        "billingperiod":"Month"
      },
      {
        "name":"vtags_label",
        "en":false,
        "type":"label",
        "desc":"*",
        "help":"*",
        "isrecurrent":"",
        "totalbillingcycles":0
      },
      {
        "name":"vtag1",
        "en":false,
        "oi":"pu10_vtag1",
        "price":"4.2",
        "price_pro_ht":"5.0",
        "price_pro_ttc":"4.3",
        "vat":"20",
        "type":"checkbox",
        "family":"vtag1",
        "field":"",
        "desc":"Demeure de charme",
        "help":"",
        "value":"yes",
        "unit":"",
        "isrecurrent":"",
        "totalbillingcycles":0
      },
      {
        "name":"vtag2",
        "en":false,
        "oi":"pu10_vtag2",
        "price":"4.2",
        "price_pro_ht":"5.0",
        "price_pro_ttc":"4.3",
        "vat":"20",
        "type":"checkbox",
        "family":"vtag2",
        "field":"",
        "desc":"Rapport qualit\u00e9 prix",
        "help":"",
        "value":"yes",
        "unit":"",
        "isrecurrent":"",
        "totalbillingcycles":0
      },
      {
        "name":"vtag3",
        "en":false,
        "oi":"pu10_vtag2",
        "price":"4.2",
        "price_pro_ht":"5.0",
        "price_pro_ttc":"4.3",
        "vat":"20",
        "type":"checkbox",
        "family":"vtag3",
        "field":"",
        "desc":"Promo",
        "help":"",
        "value":"yes",
        "unit":"",
        "isrecurrent":"",
        "totalbillingcycles":0
      },
      {
        "name":"vtag4",
        "en":false,
        "oi":"pu10_vtag2",
        "price":"4.2",
        "price_pro_ht":"5.0",
        "price_pro_ttc":"4.3",
        "vat":"20",
        "type":"checkbox",
        "family":"vtag4",
        "field":"",
        "desc":"Reste dispos",
        "help":"",
        "value":"yes",
        "unit":"",
        "isrecurrent":"",
        "totalbillingcycles":0
      },
      {
        "name":"vtag5",
        "en":false,
        "oi":"pu10_vtag2",
        "price":"4.2",
        "price_pro_ht":"5.0",
        "price_pro_ttc":"4.3",
        "vat":"20",
        "type":"checkbox",
        "family":"vtag5",
        "field":"",
        "desc":"*",
        "help":"",
        "value":"yes",
        "unit":"",
        "isrecurrent":"",
        "totalbillingcycles":0
      }
    ]
  },
  "pricing_plan":{
    "enable":true,
    "user":{
      "trial":{
        "name":"Pack D\u00e9couverte",
        "id":"trial",
        "desc":"Ouvert aux <strong>Particuliers<\/strong> et <strong>Professionnels<\/strong>, le <strong>Pack D\u00e9couverte<\/strong> vous offre la possibilit\u00e9 de d\u00e9couvrir <strong>librement<\/strong> et <strong>gratuitement<\/strong> le site <strong>WannAnnonces<\/strong> pendant <strong>15 jours<\/strong>.<br \/><br \/>Pendant cette p\u00e9riode, vous avez acc\u00e8s au <strong>Pack de Base<\/strong> (services gratuits) et la totalit\u00e9 des <strong>options de mise en avant<\/strong> des annonces (services payants). La souscription aux <strong>Packs Pros<\/strong> (r\u00e9serv\u00e9s aux Professionnels) est exclue des possibilit\u00e9s offertes par le <strong>Pack D\u00e9couverte<\/strong>.",
        "pricedesc":"",
        "type":"v2",
        "xtype":"trial",
        "en":true,
        "default":true,
        "duration":"15",
        "us_protype":"pro",
        "bgcolor":"",
        "price":[
          {
            "n":"pack3",
            "ad_nb":3,
            "ttc":0,
            "ht":0
          }
        ],
        "details":[
          {
            "n":"us_protype",
            "val":"pro",
            "v":false
          },
          {
            "n":"us_subscription",
            "val":"15",
            "v":true
          },
          {
            "n":"us_skills",
            "val":"3",
            "v":false
          },
          {
            "n":"us_avatarimg",
            "val":true,
            "v":false
          },
          {
            "n":"us_bio",
            "val":true,
            "v":false
          },
          {
            "n":"us_longdesc",
            "val":true,
            "v":false
          },
          {
            "n":"us_folioimg",
            "val":true,
            "v":false
          },
          {
            "n":"us_videoembed",
            "val":true,
            "v":false
          },
          {
            "n":"us_phone",
            "val":true,
            "v":false
          },
          {
            "n":"us_dispemail",
            "val":true,
            "v":false
          },
          {
            "n":"us_social",
            "val":true,
            "v":false
          },
          {
            "n":"us_prowebsite",
            "val":true,
            "v":false
          },
          {
            "n":"ad_nb",
            "val":"4",
            "v":true
          },
          {
            "n":"ad_nbpics",
            "val":"3",
            "v":true
          },
          {
            "n":"ad_duration",
            "val":"90",
            "v":false
          },
          {
            "n":"ad_featured",
            "val":true,
            "v":false
          },
          {
            "n":"ad_perm",
            "val":true,
            "v":false
          },
          {
            "n":"ad_urgent",
            "val":true,
            "v":false
          },
          {
            "n":"ad_nbvideos",
            "val":"1",
            "v":true
          },
          {
            "n":"ca_restricted",
            "v":false
          }
        ],
        "ca_restriction":"",
        "payoption":"trial"
      },
      "base-par":{
        "name":"Pack de Base",
        "id":"base-par",
        "desc":"PACK DE BASE",
        "pricedesc":"",
        "type":"v2",
        "xtype":"base",
        "en":true,
        "default":false,
        "duration":"365",
        "us_protype":"",
        "bgcolor":"",
        "price":[
          {
            "n":"basepack",
            "ad_nb":100,
            "ttc":0,
            "ht":0
          }
        ],
        "details":[
          {
            "n":"us_protype",
            "val":"",
            "v":false
          },
          {
            "n":"us_subscription",
            "val":"365",
            "v":true
          },
          {
            "n":"us_skills",
            "val":"3",
            "v":true
          },
          {
            "n":"us_avatarimg",
            "val":true,
            "v":true
          },
          {
            "n":"us_bio",
            "val":true,
            "v":true
          },
          {
            "n":"us_longdesc",
            "val":true,
            "v":false
          },
          {
            "n":"us_folioimg",
            "val":true,
            "v":false
          },
          {
            "n":"us_videoembed",
            "val":true,
            "v":false
          },
          {
            "n":"us_phone",
            "val":true,
            "v":false
          },
          {
            "n":"us_dispemail",
            "val":true,
            "v":false
          },
          {
            "n":"us_social",
            "val":true,
            "v":false
          },
          {
            "n":"us_prowebsite",
            "val":true,
            "v":false
          },
          {
            "n":"ad_nb",
            "val":"100",
            "v":true
          },
          {
            "n":"ad_nbpics",
            "val":"5",
            "v":true
          },
          {
            "n":"ad_duration",
            "val":"",
            "v":false
          },
          {
            "n":"ad_featured",
            "val":true,
            "v":false
          },
          {
            "n":"ad_perm",
            "val":true,
            "v":false
          },
          {
            "n":"ad_urgent",
            "val":true,
            "v":false
          },
          {
            "n":"ad_nbvideos",
            "val":"1",
            "v":true
          },
          {
            "n":"ca_restricted",
            "v":false
          }
        ],
        "ca_restriction":"",
        "payoption":"base-par"
      },
      "base-pro":{
        "name":"Pack de Base",
        "id":"base-pro",
        "desc":"HELLO PRO !",
        "pricedesc":"",
        "type":"v2",
        "xtype":"base",
        "en":true,
        "default":false,
        "duration":"365",
        "us_protype":"",
        "bgcolor":"",
        "price":[
          {
            "n":"basepack",
            "ad_nb":100,
            "ttc":0,
            "ht":0
          }
        ],
        "details":[
          {
            "n":"us_protype",
            "val":"",
            "v":false
          },
          {
            "n":"us_subscription",
            "val":"365",
            "v":true
          },
          {
            "n":"us_skills",
            "val":"5",
            "v":true
          },
          {
            "n":"us_avatarimg",
            "val":true,
            "v":true
          },
          {
            "n":"us_bio",
            "val":true,
            "v":true
          },
          {
            "n":"us_longdesc",
            "val":true,
            "v":false
          },
          {
            "n":"us_folioimg",
            "val":true,
            "v":false
          },
          {
            "n":"us_videoembed",
            "val":true,
            "v":false
          },
          {
            "n":"us_phone",
            "val":true,
            "v":false
          },
          {
            "n":"us_dispemail",
            "val":true,
            "v":false
          },
          {
            "n":"us_social",
            "val":true,
            "v":false
          },
          {
            "n":"us_prowebsite",
            "val":true,
            "v":false
          },
          {
            "n":"ad_nb",
            "val":"100",
            "v":true
          },
          {
            "n":"ad_nbpics",
            "val":"10",
            "v":true
          },
          {
            "n":"ad_duration",
            "val":"",
            "v":false
          },
          {
            "n":"ad_featured",
            "val":true,
            "v":false
          },
          {
            "n":"ad_perm",
            "val":true,
            "v":false
          },
          {
            "n":"ad_urgent",
            "val":true,
            "v":false
          },
          {
            "n":"ad_nbvideos",
            "val":"1",
            "v":true
          },
          {
            "n":"ca_restricted",
            "v":false
          }
        ],
        "ca_restriction":"",
        "payoption":"base-pro"
      },
      "immo":{
        "name":"Pack Pro WannImmo",
        "id":"immo",
        "desc":"Le <strong>Pack WannImmo<\/strong>, sp\u00e9cialement con\u00e7u pour les agences immobili\u00e8res, est id\u00e9al pour pr\u00e9senter les biens immobiliers destin\u00e9s \u00e0 la vente ou la location (ventes immobili\u00e8res, bureaux, fonds de commerce...). Choisissez le plan qui vous correspond de <strong>5 \u00e0 100 annonces<\/strong>.",
        "pricedesc":"",
        "type":"v2",
        "en":true,
        "duration":"",
        "ca_restriction":"10086",
        "us_protype":"pro",
        "bgcolor":"389DAD",
        "price":[
          {
            "n":"pack5",
            "ad_nb":51,
            "ttc":29.18,
            "ht":24.15
          },
          {
            "n":"pack10",
            "ad_nb":10,
            "ttc":58,
            "ht":48.31
          },
          {
            "n":"pack25",
            "ad_nb":25,
            "ttc":132,
            "ht":43.6
          },
          {
            "n":"pack50",
            "ad_nb":50,
            "ttc":250,
            "ht":208.25
          },
          {
            "n":"pack75",
            "ad_nb":75,
            "ttc":354,
            "ht":294.88
          },
          {
            "n":"pack100",
            "ad_nb":100,
            "ttc":447,
            "ht":372.35
          }
        ],
        "details":[
          
        ],
        "xtype":"",
        "default":false,
        "payoption":"immo"
      },
      "auto":{
        "name":"Pack Pro<br \/> WannAuto",
        "id":"auto",
        "desc":"Vous \u00eates un sp\u00e9cialiste de l'automobile toutes marques (constructeurs, concessionnaires,...) et vous souhaitez pr\u00e9senter vos produits et exclusivit\u00e9s \u00e0 la vente ou la location. Le <strong>Pack WannAuto<\/strong> est fait pour vous ! Disposez d'une libert\u00e9 de choix sur le volume d'annonces que vous souhaitez publi\u00e9es gr\u00e2ce \u00e0 nos plans allant de <strong>5 \u00e0 100 annonces<\/strong>.",
        "pricedesc":"",
        "type":"v2",
        "en":true,
        "duration":"",
        "ca_restriction":"10088",
        "us_protype":"pro",
        "bgcolor":"659B2C",
        "price":[
          {
            "n":"pack5",
            "ad_nb":5,
            "ttc":27,
            "ht":22.49
          },
          {
            "n":"pack10",
            "ad_nb":10,
            "ttc":55,
            "ht":45.81
          },
          {
            "n":"pack25",
            "ad_nb":25,
            "ttc":125,
            "ht":104.12
          },
          {
            "n":"pack50",
            "ad_nb":50,
            "ttc":235,
            "ht":195.75
          },
          {
            "n":"pack75",
            "ad_nb":75,
            "ttc":333,
            "ht":277.38
          },
          {
            "n":"pack100",
            "ad_nb":100,
            "ttc":421,
            "ht":350.69
          }
        ],
        "details":[
          
        ],
        "xtype":"",
        "default":false,
        "payoption":"auto"
      },
      "moto":{
        "name":"Pack Pro WannMoto",
        "id":"moto",
        "desc":"Le <strong>Pack WannMoto<\/strong> est destin\u00e9 aux professionnels du 2 roues (motos, scooters...) toutes marques souhaitant pr\u00e9senter leurs produits neufs ou d'occasions \u00e0 la vente ou la location. Choisissez le plan qui vous correspond de <strong>5 \u00e0 100 annonces<\/strong>.",
        "pricedesc":"",
        "type":"v2",
        "en":true,
        "duration":"",
        "ca_restriction":"10089",
        "us_protype":"pro",
        "bgcolor":"F4BA00",
        "price":[
          {
            "n":"pack5",
            "ad_nb":5,
            "ttc":27,
            "ht":22.49
          },
          {
            "n":"pack10",
            "ad_nb":10,
            "ttc":55,
            "ht":45.81
          },
          {
            "n":"pack25",
            "ad_nb":25,
            "ttc":125,
            "ht":104.12
          },
          {
            "n":"pack50",
            "ad_nb":50,
            "ttc":235,
            "ht":195.75
          },
          {
            "n":"pack75",
            "ad_nb":75,
            "ttc":333,
            "ht":277.39
          },
          {
            "n":"pack100",
            "ad_nb":100,
            "ttc":421,
            "ht":350.69
          }
        ],
        "details":[
          
        ],
        "xtype":"",
        "default":false,
        "payoption":"moto"
      },
      "emploi":{
        "name":"Pack Pro WannEmploi",
        "id":"emploi",
        "desc":"Vous \u00eates un professionnel du recrutement (cabinets RH, agences d'int\u00e9rim...) ou une soci\u00e9t\u00e9 \u00e0 la recherche de nouveaux talents. Le <strong>Pack WannEmploi<\/strong> r\u00e9pond \u00e0 votre besoin en vous permettant de diffuser, selon la plan s\u00e9lectionn\u00e9, de <strong>5 \u00e0 100 annonces<\/strong>.",
        "pricedesc":"",
        "type":"v2",
        "en":true,
        "duration":"",
        "ca_restriction":"20056",
        "us_protype":"pro",
        "bgcolor":"E47417",
        "price":[
          {
            "n":"pack5",
            "ad_nb":5,
            "ttc":29,
            "ht":24.16
          },
          {
            "n":"pack10",
            "ad_nb":10,
            "ttc":58,
            "ht":48.31
          },
          {
            "n":"pack25",
            "ad_nb":25,
            "ttc":132,
            "ht":109.96
          },
          {
            "n":"pack50",
            "ad_nb":50,
            "ttc":250,
            "ht":208.25
          },
          {
            "n":"pack75",
            "ad_nb":75,
            "ttc":354,
            "ht":294.88
          },
          {
            "n":"pack100",
            "ad_nb":100,
            "ttc":447,
            "ht":372.35
          }
        ],
        "details":[
          
        ],
        "xtype":"",
        "default":false,
        "payoption":"emploi"
      },
      "services":{
        "name":"Pack Pro WannServices",
        "id":"services",
        "desc":"Vous \u00eates une soci\u00e9t\u00e9 sp\u00e9cialis\u00e9e dans les services (aide \u00e0 la personne, services aux entreprises...) et vous souhaitez promouvoir vos prestations, recruter de nouveaux collaborateurs...Le <strong>Pack WannServices<\/strong> vous assure une libert\u00e9 de diffusion de <strong>5 \u00e0 100 annonces<\/strong>.",
        "pricedesc":"",
        "type":"v2",
        "en":true,
        "duration":"",
        "ca_restriction":"10089",
        "us_protype":"pro",
        "bgcolor":"B04444",
        "price":[
          {
            "n":"pack5",
            "ad_nb":5,
            "ttc":24,
            "ht":19.99
          },
          {
            "n":"pack10",
            "ad_nb":10,
            "ttc":48,
            "ht":39.98
          },
          {
            "n":"pack25",
            "ad_nb":25,
            "ttc":109,
            "ht":90.8
          },
          {
            "n":"pack50",
            "ad_nb":50,
            "ttc":205,
            "ht":170.76
          },
          {
            "n":"pack75",
            "ad_nb":75,
            "ttc":291,
            "ht":242.4
          },
          {
            "n":"pack100",
            "ad_nb":100,
            "ttc":368,
            "ht":306.54
          }
        ],
        "details":[
          
        ],
        "xtype":"",
        "default":false,
        "payoption":"services"
      },
      "adulte":{
        "name":"Pack Pro WannAdulte",
        "id":"adulte",
        "desc":"",
        "pricedesc":"",
        "type":"v2",
        "en":true,
        "duration":"",
        "ca_restriction":"20113",
        "us_protype":"pro",
        "bgcolor":"B04444",
        "price":[
          {
            "n":"pack5",
            "ad_nb":5,
            "ttc":24,
            "ht":19.99
          },
          {
            "n":"pack10",
            "ad_nb":10,
            "ttc":48,
            "ht":39.98
          },
          {
            "n":"pack25",
            "ad_nb":25,
            "ttc":109,
            "ht":90.8
          },
          {
            "n":"pack50",
            "ad_nb":50,
            "ttc":205,
            "ht":170.76
          },
          {
            "n":"pack75",
            "ad_nb":75,
            "ttc":291,
            "ht":242.4
          },
          {
            "n":"pack100",
            "ad_nb":100,
            "ttc":368,
            "ht":306.54
          }
        ],
        "details":[
          
        ],
        "xtype":"",
        "default":false,
        "payoption":""
      },
      "plan_0":{
        "name":"SAMPLE",
        "id":"plan_0",
        "desc":"Sample of a subscription plan",
        "pricedesc":"",
        "type":"v2",
        "xtype":"",
        "en":false,
        "default":false,
        "duration":"365",
        "us_protype":"false",
        "bgcolor":"FFF",
        "payoption":"paidplan_plan_0",
        "price":[
          {
            "n":"basepack",
            "ad_nb":100,
            "ttc":10,
            "ht":11
          }
        ],
        "details":[
          {
            "n":"us_protype",
            "val":"false",
            "v":false
          },
          {
            "n":"us_skills",
            "val":"0",
            "v":false
          },
          {
            "n":"us_avatarimg",
            "val":false,
            "v":false
          },
          {
            "n":"us_bio",
            "val":true,
            "v":false
          },
          {
            "n":"us_longdesc",
            "val":false,
            "v":false
          },
          {
            "n":"us_folioimg",
            "val":false,
            "v":false
          },
          {
            "n":"us_videoembed",
            "val":false,
            "v":false
          },
          {
            "n":"us_phone",
            "val":false,
            "v":false
          },
          {
            "n":"us_dispemail",
            "val":true,
            "v":false
          },
          {
            "n":"us_social",
            "val":false,
            "v":false
          },
          {
            "n":"us_prowebsite",
            "val":false,
            "v":false
          },
          {
            "n":"us_subscription",
            "val":"365",
            "v":false
          },
          {
            "n":"us_links",
            "val":"0",
            "v":false
          },
          {
            "n":"ad_nb",
            "val":"110",
            "v":false
          },
          {
            "n":"ad_nbpics",
            "val":"2",
            "v":true
          },
          {
            "n":"ad_videoembed",
            "val":true,
            "v":false
          },
          {
            "n":"ad_enemail",
            "val":false,
            "v":false
          },
          {
            "n":"ad_enphone",
            "val":false,
            "v":false
          },
          {
            "n":"ad_links",
            "val":"0",
            "v":false
          },
          {
            "n":"ad_duration",
            "val":"",
            "v":false
          },
          {
            "n":"ad_featured",
            "val":false,
            "v":false
          },
          {
            "n":"ad_perm",
            "val":false,
            "v":false
          },
          {
            "n":"ca_restricted",
            "v":false
          }
        ],
        "ca_restriction":""
      }
    }
  }
}