{
  "userfields":[
    {
      "name":"indir",
      "desc":"*",
      "en":false,
      "mandatory":false,
      "help":"*",
      "disabled":false
    },
    {
      "name":"username",
      "desc":"username",
      "en":false,
      "mandatory":true,
      "help":"",
      "disabled":true
    },
    {
      "name":"email",
      "desc":"user email",
      "en":true,
      "mandatory":false,
      "help":"help email rules",
      "disabled":true
    },
    {
      "name":"newsletter",
      "desc":"*",
      "en":true,
      "mandatory":false,
      "help":"*",
      "disabled":false
    },
    {
      "name":"gender",
      "desc":"gender",
      "en":true,
      "mandatory":true,
      "help":"",
      "disabled":false
    },
    {
      "name":"firstname",
      "desc":"firstname",
      "en":true,
      "mandatory":true,
      "help":"",
      "disabled":false
    },
    {
      "name":"lastname",
      "desc":"lastname",
      "en":true,
      "mandatory":true,
      "help":"",
      "disabled":false
    },
    {
      "name":"dob",
      "desc":"*",
      "en":true,
      "mandatory":false,
      "help":"",
      "disabled":false
    },
    {
      "name":"locale",
      "desc":"locale",
      "en":true,
      "mandatory":false,
      "help":"",
      "disabled":false
    },
    {
      "name":"phone",
      "desc":"user phone",
      "en":true,
      "mandatory":false,
      "help":"help indicate format phone number",
      "disabled":false
    },
    {
      "name":"phone2",
      "desc":"*",
      "en":true,
      "mandatory":false,
      "help":"help indicate format phone number",
      "disabled":false
    },
    {
      "name":"avatarimg",
      "desc":"user upload avatar",
      "en":true,
      "mandatory":false,
      "help":"user upload avatar help",
      "disabled":false
    },
    {
      "name":"location",
      "desc":"user location",
      "en":true,
      "mandatory":true,
      "help":"help indicate for example a zip code or town",
      "disabled":false
    },
    {
      "name":"bio",
      "desc":"user bio",
      "en":true,
      "mandatory":false,
      "help":"",
      "disabled":false
    },
    {
      "name":"procpny",
      "desc":"ad company name",
      "en":true,
      "mandatory":false,
      "help":"",
      "disabled":false
    },
    {
      "name":"prosiret",
      "desc":"ad siret",
      "en":true,
      "mandatory":true,
      "help":"help_siret_format_SN",
      "disabled":false
    },
    {
      "name":"longdesc",
      "desc":"*",
      "en":true,
      "mandatory":false,
      "help":"*",
      "disabled":false
    },
    {
      "name":"videoembed",
      "desc":"ad video embed",
      "en":true,
      "mandatory":false,
      "help":"ad video embed help",
      "disabled":false
    },
    {
      "name":"links",
      "desc":"user links",
      "en":true,
      "mandatory":false,
      "help":"",
      "disabled":false
    },
    {
      "name":"prowebsite",
      "desc":"ad website",
      "en":true,
      "mandatory":false,
      "help":"",
      "disabled":false
    },
    {
      "name":"probannerimg",
      "desc":"ad banner",
      "en":true,
      "mandatory":false,
      "help":"help ad banner",
      "disabled":false
    },
    {
      "name":"probannerurl",
      "desc":"*",
      "en":true,
      "mandatory":false,
      "help":"*",
      "disabled":false
    },
    {
      "name":"banclicks",
      "desc":"*",
      "en":true,
      "mandatory":false,
      "help":"*",
      "disabled":false
    },
    {
      "name":"skills",
      "desc":"user skills",
      "en":true,
      "mandatory":true,
      "help":"",
      "disabled":true
    },
    {
      "name":"folioimg",
      "desc":"user upload pictures",
      "en":true,
      "mandatory":false,
      "help":"user upload portofolio help",
      "disabled":false
    },
    {
      "name":"audiourl",
      "desc":"*",
      "en":true,
      "mandatory":false,
      "help":"*",
      "disabled":false
    }
  ],
  "adfields":[
    {
      "name":"phone",
      "en":false,
      "mandatory":false,
      "comment":""
    },
    {
      "name":"location",
      "desc":"ad location",
      "en":true,
      "mandatory":false,
      "help":"help indicate for example a zip code or town",
      "disabled":false
    }
  ]
}