{
	"payoptions": {
	  "enable": true,
	  "options" : [
	 	{"name" : "paidplan_plan_1", "scope":"user",  "en" : true,  "oi" : "coin_BASIC",  "price" : "0",  "type": "input-hidden", "field"  : "", 	"desc" : "Abonnement annuel BASIC au site www.coindubienetre.com",  	"help": "", 	"value": "yes"}
	 	,{"name" : "paidplan_plan_2", "scope":"user",  "en" : true,  "oi" : "coin_PREMIUM",  "price" : "29.90",  "type": "input-hidden", "field"  : "", 	"desc" : "Abonnement annuel PREMIUM au site www.coindubienetre.com",  	"help": "", 	"value": "yes"}
	  	,{"name" : "paidplan_plan_3", "scope":"user",  "en" : true,  "oi" : "coin_PRO",  "price" : "79.90",  "type": "input-hidden", "field"  : "", 	"desc" : "Abonnement annuel PRO au site www.coindubienetre.com",  	"help": "", 	"value": "yes"}
		

	 	,{"name" : "putontopgallery", "en" : true,  "type": "label",  "desc" : "*",  	"help": "*"}
	 	,{"name" : "putontopgallery7days", "en" : true,  "oi" : "pu10_topgal_7days",  "price" : "4.1",  "type": "checkbox", "family":"ptg" , "field"  : "", 	"desc" : "*",  	"help": "", 	"value": 7, "unit" : "days"}
	 	,{"name" : "putontopgallery15days", "en" : true,  "oi" : "pu11_topgal_15days",  "price" : "5",  "type": "checkbox", "family":"ptg" , "field"  : "", 	"desc" : "*",  	"help": "", 	"value": 15, "unit" : "days"}
	 	,{"name" : "putontopgallery30days", "en" : true,  "oi" : "pu12_topgal_30days",  "price" : "8",  "type": "checkbox", "family":"ptg" , "field"  : "", 	"desc" : "*",  	"help": "", 	"value": 30, "unit" : "days"}

	 	,{"name" : "pushtotop", "en" : true, "type": "label",   "desc" : "*",  	"help": "*"}
	 	,{"name" : "pushtotop7days", 	"en" : true, "oi" : "pt10_push_7days", "price" : "2.2",	"type": "checkbox", "family":"ptt" , "field"  : "", 	"desc" : "*",  	"help": "", 	"value": 7 , "unit" : "days"}
	 	,{"name" : "pushtotop15days", 	"en" : true, "oi" : "pt11_push_15days", "price" : "2",	"type": "checkbox", "family":"ptt" , "field"  : "", 	"desc" : "*",  	"help": "", 	"value": 15 , "unit" : "days"}
	 	,{"name" : "pushtotop30days", 	"en" : true, "oi" : "pt12_push_30days", "price" : "2",	"type": "checkbox", "family":"ptt" , "field"  : "", 	"desc" : "*",  	"help": "", 	"value": 30 , "unit" : "days"}
	 	
	 	,{"name" : "urgentad", "en" : true,  "type": "label",  "desc" : "*",  	"help": "*"}
	 	,{"name" : "urgentad7days", 	"en" : true, "oi" : "pur07_urgent_7days", "price" : "2",	"type": "checkbox", "family":"urg" , "field"  : "", 	"desc" : "*",  	"help": "", 	"value": 7 , "unit" : "days"}
	 	,{"name" : "urgentad15days", 	"en" : true, "oi" : "pur15_urgent_15days", "price" : "2",	"type": "checkbox", "family":"urg" , "field"  : "", 	"desc" : "*",  	"help": "", 	"value": 15 , "unit" : "days"}
	 	,{"name" : "urgentad30days", 	"en" : true, "oi" : "ur130_urgent_30days", "price" : "2",	"type": "checkbox", "family":"urg" , "field"  : "", 	"desc" : "*",  	"help": "", 	"value": 30 , "unit" : "days"}
	 	
	 	,{"name" : "specialcolor", "en" : true,  "type": "label",  "desc" : "*",  	"help": "*"}
	 	,{"name" : "specialcoloronceaweek", "en" : true, 	"oi" : "psc0w_spcolor_onceawek", "price" : "3", "type": "checkbox", "family":"col" , "field"  : "", 	"desc" : "*",  	"help": "*", 	"value": 1 , "unit" : "week", "when":"week"}
	 	,{"name" : "specialcolor7days", 	"en" : true, 	"oi" : "psc07_spcolor_7days", "price" : "3", "type": "checkbox", "family":"col" ,"field"  : "", 	"desc" : "*",  	"help": "*", 	"value": 7 , "unit" : "days"}
 		,{"name" : "specialcolor15days", 	"en" : true, "oi" : "psc15_spcolor_15days", "price" : "2",	"type": "checkbox", "family":"col" ,"field"  : "", 	"desc" : "*",  	"help": "", 	"value": 15 , "unit" : "days"}
	 	,{"name" : "specialcolor30days", 	"en" : true, "oi" : "psc30_spcolor_30days", "price" : "2",	"type": "checkbox", "family":"col" ,"field"  : "", 	"desc" : "*",  	"help": "", 	"value": 30 , "unit" : "days"}

 		,{"name" : "otherpaidoptions", "en" : true,  "type": "label",  "desc" : "*",  	"help": ""}
 		,{"name" : "paycategories", 	"en" : false, "oi" : "p14_cat", "price" : "1", "type": "checkbox", "field"  : "paycategories", 	"desc" : "paycategories",  	"help": "", 	"value": "1"} 
	   	,{"name" : "addpics", 	"en" : true, 	"oi" : "p13_addpics", "price" : "1", "type": "checkbox", "field"  : "", 	"desc" : "addpics",  	"help": "", 	"value": "1"}
	   	,{"name" : "paidvideo", 	"en" : true, 	"oi" : "p11_video", "price" : "3",  "type": "checkbox", "field"  : "videoembed", 	"desc" : "paidvideo",  	"help": "", 	"value": "1"}


	 	] 
	},

	"pricing_plan" : {
		"enable" : false, 
		"user" : {

			"immo" : 
				{
				"name" : "IMMOBILIER",
				"id" : "immo",  
				"desc" : "Lorem Elsass ipsum aliquam eleifend Heineken Carola Chulia Roberstau senectus tellus consectetur Salu bissame elementum ",
				"pricedesc" : "",
				"type" : "v2", 
				"en" : true, 
				"price" :[
					{"n" : "pack5",  "ttc" : 29 , "ht" : 27.10 }
					,{"n" : "pack10", "ttc" : 58 , "ht" : 27.10 }
					,{"n" : "pack25",  "ttc" : 132 , "ht" : 27.10 }
					,{"n" : "pack50",  "ttc" : 250, "ht" : 27.10 }
					,{"n" : "pack75",  "ttc" : 354 , "ht" : 27.10 }
					,{"n" : "pack100",  "ttc" : 447 , "ht" : 27.10 }
				],  
				"details" : [ 
						{"n" : "us_protype",  "val" : true, "v" : "no" }
						,{"n" : "us_skills", "val" : 1 }
		 				,{"n" : "us_avatarimg", "val" : true }
		 				,{"n" : "us_bio", "val" : true }
		 				,{"n" : "us_longdesc", "val" : 0 , "v" : "no"}
		 				,{"n" : "us_folioimg", "val" : 0 , "v" : "no"}
		 				,{"n" : "us_videoembed",  "val" : 0 , "v" : "no"}
		 				,{"n" : "us_phone", "val" : "0", "v" : "no"  }
		 				,{"n" : "us_dispemail", "val" : 0 , "v" : "no"}
		 				,{"n" : "us_social", "val" : 0 , "v" : "no"}
		 				,{"n" : "us_prowebsite", "val" : "1" , "v" : "no"}
		 				,{"n" : "us_subscription", "val" : 365, "v" : "no"}
		 				,{"n" : "ad_nb",  "val" : false , "v" : "no"}
		 				,{"n" : "ad_nbpics",  "val" : "0",  "v" : "no"}
		 				,{"n" : "ad_duration", "val" : "" ,  "v" : "no"}
		 				,{"n" : "ad_featured", "val" : "0" ,  "v" : "no"}
		 				,{"n" : "ad_perm", "val" : 1 ,  "v" : "no"}
		 				,{"n" : "ca_restricted", "val" : "own", "v" : "no"}
		 			]
				}
			,

			"auto" : 
				{
				"name" : "AUTOMOBILE", 
				"id" : "auto", 
				"desc" : "Lorem Elsass ipsum aliquam eleifend Heineken Carola Chulia Roberstau senectus tellus consectetur Salu bissame elementum ",
				"pricedesc" : "",
				"type" : "v2", 
				"en" : true, 
				"price" :[
					{"n" : "pack5",  "ttc" : 29 , "ht" : 27.10 }
					,{"n" : "pack5",  "ttc" : 55 , "ht" : 27.10 }
					,{"n" : "pack5",  "ttc" : 125 , "ht" : 27.10 }
					,{"n" : "pack5",  "ttc" : 234, "ht" : 27.10 }
					,{"n" : "pack5",  "ttc" : 421 , "ht" : 27.10 }
				],  
				"details" : [ 
						{"n" : "us_protype",  "val" : true, "v" : "no" }
						,{"n" : "us_skills", "val" : 1 }
		 				,{"n" : "us_avatarimg", "val" : true }
		 				,{"n" : "us_bio", "val" : true }
		 				,{"n" : "us_longdesc", "val" : 0 , "v" : "no"}
		 				,{"n" : "us_folioimg", "val" : 0 , "v" : "no"}
		 				,{"n" : "us_videoembed",  "val" : 0 , "v" : "no"}
		 				,{"n" : "us_phone", "val" : "0", "v" : "no"  }
		 				,{"n" : "us_dispemail", "val" : 0 , "v" : "no"}
		 				,{"n" : "us_social", "val" : 0 , "v" : "no"}
		 				,{"n" : "us_prowebsite", "val" : "1" , "v" : "no"}
		 				,{"n" : "us_subscription", "val" : 365, "v" : "no"}
		 				,{"n" : "ad_nb",  "val" : false , "v" : "no"}
		 				,{"n" : "ad_nbpics",  "val" : "0",  "v" : "no"}
		 				,{"n" : "ad_duration", "val" : "" ,  "v" : "no"}
		 				,{"n" : "ad_featured", "val" : "0" ,  "v" : "no"}
		 				,{"n" : "ad_perm", "val" : 1 ,  "v" : "no"}
		 				,{"n" : "ca_restricted", "val" : "own", "v" : "no"}
		 			]
				}
			,


			"moto" : 
				{
				"name" : "MOTO", 
				"id" : "moto", 
				"desc" : "Lorem Elsass ipsum aliquam eleifend Heineken Carola Chulia Roberstau senectus tellus consectetur Salu bissame elementum ",
				"pricedesc" : "",
				"type" : "v2", 
				"en" : true, 
				"price" :[
					{"n" : "pack5",  "ttc" : 29 , "ht" : 27.10 }
					,{"n" : "pack5",  "ttc" : 55 , "ht" : 27.10 }
					,{"n" : "pack5",  "ttc" : 125 , "ht" : 27.10 }
					,{"n" : "pack5",  "ttc" : 234, "ht" : 27.10 }
					,{"n" : "pack5",  "ttc" : 421 , "ht" : 27.10 }
				],  
				"details" : [ 
						{"n" : "us_protype",  "val" : true, "v" : "no" }
						,{"n" : "us_skills", "val" : 1 }
		 				,{"n" : "us_avatarimg", "val" : true }
		 				,{"n" : "us_bio", "val" : true }
		 				,{"n" : "us_longdesc", "val" : 0 , "v" : "no"}
		 				,{"n" : "us_folioimg", "val" : 0 , "v" : "no"}
		 				,{"n" : "us_videoembed",  "val" : 0 , "v" : "no"}
		 				,{"n" : "us_phone", "val" : "0", "v" : "no"  }
		 				,{"n" : "us_dispemail", "val" : 0 , "v" : "no"}
		 				,{"n" : "us_social", "val" : 0 , "v" : "no"}
		 				,{"n" : "us_prowebsite", "val" : "1" , "v" : "no"}
		 				,{"n" : "us_subscription", "val" : 365, "v" : "no"}
		 				,{"n" : "ad_nb",  "val" : false , "v" : "no"}
		 				,{"n" : "ad_nbpics",  "val" : "0",  "v" : "no"}
		 				,{"n" : "ad_duration", "val" : "" ,  "v" : "no"}
		 				,{"n" : "ad_featured", "val" : "0" ,  "v" : "no"}
		 				,{"n" : "ad_perm", "val" : 1 ,  "v" : "no"}
		 				,{"n" : "ca_restricted", "val" : "own", "v" : "no"}
		 			]
				}
			,


			"emploi" : 
				{
				"name" : "EMPLOI", 
				"id" : "emploi",
				"desc" : "Lorem Elsass ipsum aliquam eleifend Heineken Carola Chulia Roberstau senectus tellus consectetur Salu bissame elementum ",
				"pricedesc" : "",
				"type" : "v2", 
				"en" : true, 
				"price" :[
					{"n" : "pack5",  "ttc" : 29 , "ht" : 27.10 }
					,{"n" : "pack5",  "ttc" : 55 , "ht" : 27.10 }
					,{"n" : "pack5",  "ttc" : 125 , "ht" : 27.10 }
					,{"n" : "pack5",  "ttc" : 234, "ht" : 27.10 }
					,{"n" : "pack5",  "ttc" : 421 , "ht" : 27.10 }
				],  
				"details" : [ 
						{"n" : "us_protype",  "val" : true, "v" : "no" }
						,{"n" : "us_skills", "val" : 1 }
		 				,{"n" : "us_avatarimg", "val" : true }
		 				,{"n" : "us_bio", "val" : true }
		 				,{"n" : "us_longdesc", "val" : 0 , "v" : "no"}
		 				,{"n" : "us_folioimg", "val" : 0 , "v" : "no"}
		 				,{"n" : "us_videoembed",  "val" : 0 , "v" : "no"}
		 				,{"n" : "us_phone", "val" : "0", "v" : "no"  }
		 				,{"n" : "us_dispemail", "val" : 0 , "v" : "no"}
		 				,{"n" : "us_social", "val" : 0 , "v" : "no"}
		 				,{"n" : "us_prowebsite", "val" : "1" , "v" : "no"}
		 				,{"n" : "us_subscription", "val" : 365, "v" : "no"}
		 				,{"n" : "ad_nb",  "val" : false , "v" : "no"}
		 				,{"n" : "ad_nbpics",  "val" : "0",  "v" : "no"}
		 				,{"n" : "ad_duration", "val" : "" ,  "v" : "no"}
		 				,{"n" : "ad_featured", "val" : "0" ,  "v" : "no"}
		 				,{"n" : "ad_perm", "val" : 1 ,  "v" : "no"}
		 				,{"n" : "ca_restricted", "val" : "own", "v" : "no"}
		 			]
				}
			,


			"services" : 
				{
				"name" : "SERVICES", 
				"id" : "services",
				"desc" : "Lorem Elsass ipsum aliquam eleifend Heineken Carola Chulia Roberstau senectus tellus consectetur Salu bissame elementum ",
				"pricedesc" : "",
				"type" : "v2", 
				"en" : true, 
				"price" :[
					{"n" : "pack5",  "ttc" : 29 , "ht" : 27.10 }
					,{"n" : "pack5",  "ttc" : 55 , "ht" : 27.10 }
					,{"n" : "pack5",  "ttc" : 125 , "ht" : 27.10 }
					,{"n" : "pack5",  "ttc" : 234, "ht" : 27.10 }
					,{"n" : "pack5",  "ttc" : 421 , "ht" : 27.10 }
				],  
				"details" : [ 
						{"n" : "us_protype",  "val" : true, "v" : "no" }
						,{"n" : "us_skills", "val" : 1 }
		 				,{"n" : "us_avatarimg", "val" : true }
		 				,{"n" : "us_bio", "val" : true }
		 				,{"n" : "us_longdesc", "val" : 0 , "v" : "no"}
		 				,{"n" : "us_folioimg", "val" : 0 , "v" : "no"}
		 				,{"n" : "us_videoembed",  "val" : 0 , "v" : "no"}
		 				,{"n" : "us_phone", "val" : "0", "v" : "no"  }
		 				,{"n" : "us_dispemail", "val" : 0 , "v" : "no"}
		 				,{"n" : "us_social", "val" : 0 , "v" : "no"}
		 				,{"n" : "us_prowebsite", "val" : "1" , "v" : "no"}
		 				,{"n" : "us_subscription", "val" : 365, "v" : "no"}
		 				,{"n" : "ad_nb",  "val" : false , "v" : "no"}
		 				,{"n" : "ad_nbpics",  "val" : "0",  "v" : "no"}
		 				,{"n" : "ad_duration", "val" : "" ,  "v" : "no"}
		 				,{"n" : "ad_featured", "val" : "0" ,  "v" : "no"}
		 				,{"n" : "ad_perm", "val" : 1 ,  "v" : "no"}
		 				,{"n" : "ca_restricted", "val" : "own", "v" : "no"}
		 			]
				}
			,


			"plan_1" : 
				{
				"name" : "Basic", 
				"desc" : "Le pack basic a une visibilité réduite, vous permettra d'avoir une présence sur l'annuaire",
				"pricedesc" : "0€ > Oct. 2013",
				"type" : "", 
				"en" : true, 
				"payoption" :"paidplan_plan_1", 
				"details" : [ 
						{"n" : "us_protype",  "val" : true, "v" : "no" }
						,{"n" : "us_skills", "val" : 1 }
		 				,{"n" : "us_avatarimg", "val" : true }
		 				,{"n" : "us_bio", "val" : true }
		 				,{"n" : "us_longdesc", "val" : 0 , "v" : "no"}
		 				,{"n" : "us_folioimg", "val" : 0 , "v" : "no"}
		 				,{"n" : "us_videoembed",  "val" : 0 , "v" : "no"}
		 				,{"n" : "us_phone", "val" : "0", "v" : "no"  }
		 				,{"n" : "us_dispemail", "val" : 0 , "v" : "no"}
		 				,{"n" : "us_social", "val" : 0 , "v" : "no"}
		 				,{"n" : "us_prowebsite", "val" : "1" , "v" : "no"}
		 				,{"n" : "us_subscription", "val" : 365, "v" : "no"}
		 				,{"n" : "ad_nb",  "val" : false , "v" : "no"}
		 				,{"n" : "ad_nbpics",  "val" : "0",  "v" : "no"}
		 				,{"n" : "ad_duration", "val" : "" ,  "v" : "no"}
		 				,{"n" : "ad_featured", "val" : "0" ,  "v" : "no"}
		 				,{"n" : "ad_perm", "val" : 1 ,  "v" : "no"}
		 				,{"n" : "ca_restricted", "val" : "own", "v" : "no"}
		 			]
				}
			,
			"plan_2" : 
				{
				"name" : "Premium",
				"desc" : "Le pack PREMIUM sera pour vous une formidable plate forme qui vous donnera une bonne visibilité auprès de vos futurs clients.",
				"pricedesc" : "29.90€HT / an", 
				"type" : "", 
				"en" : true, 
				"payoption" :"paidplan_plan_2", 
				"details" : [
						{"n" : "us_protype",  "val" : true, "v" : "no" }
						,{"n" : "us_skills", "val" : 2 }
		 				,{"n" : "us_avatarimg", "val" : true }
		 				,{"n" : "us_bio", "val" : true }
		 				,{"n" : "us_longdesc", "val" : "1" }
		 				,{"n" : "us_folioimg", "val" : "1" }
		 				,{"n" : "us_videoembed",  "val" : "1" }
		 				,{"n" : "us_phone", "val" : 0, "v" : "no"}
		 				,{"n" : "us_dispemail", "val" : "1" }
		 				,{"n" : "us_social", "val" : "O" , "v" : "no"}
		 				,{"n" : "us_prowebsite", "val" : 1 , "v" : "no"}
		 				,{"n" : "us_subscription", "val" : 365, "v" : "no"}
		 				,{"n" : "ad_nb",  "val" : 1 , "v" : "no"}
		 				,{"n" : "ad_nbpics",  "val" : 0,  "v" : "no"}
		 				,{"n" : "ad_duration", "val" : 10 ,  "v" : "no"}
		 				,{"n" : "ad_featured", "val" : 1 ,  "v" : "no"}
		 				,{"n" : "ad_perm", "val" : 1 ,  "v" : "no"}
		 				,{"n" : "ca_restricted", "val" : "own", "v" : "no"}
		 			]
				}

			,
			"plan_3" : 
				{
				"name" : "Pro",
				"desc" : "Le pack PRO vous donnera encore plus de visibilité par la possibilité de mettre plus d'infos sur votre fiche et l'accès a 'Annonce BIen Être' pour vendre vos produits directement à votre cible.",
				"pricedesc" : "79.90€HT / an", 
				"type" : "", 
				"en" : true, 
				"payoption" :"paidplan_plan_3", 
				"details" : [
		 				{"n" : "us_protype",  "val" : true, "v" : "no" }
						,{"n" : "us_skills", "val" : 5 }
		 				,{"n" : "us_avatarimg", "val" : true }
		 				,{"n" : "us_bio", "val" : true }
		 				,{"n" : "us_longdesc", "val" : "1" }
		 				,{"n" : "us_folioimg", "val" : "1" }
		 				,{"n" : "us_videoembed",  "val" : "1" }
		 				,{"n" : "us_phone", "val" : "1" }
		 				,{"n" : "us_dispemail", "val" : "1" }
		 				,{"n" : "us_social", "val" : "O" , "v" : "no"}
		 				,{"n" : "us_prowebsite", "val" : 1 , "v" : "no"}
		 				,{"n" : "us_subscription", "val" : 365, "v" : "no"}
		 				,{"n" : "ad_nb",  "val" : 10 }
		 				,{"n" : "ad_nbpics",  "val" : 3 }
		 				,{"n" : "ad_duration", "val" : 10 ,  "v" : "no"}
		 				,{"n" : "ad_featured", "val" : 1 ,  "v" : "no"}
		 				,{"n" : "ad_perm", "val" : 1 ,  "v" : "no"}
		 				,{"n" : "ca_restricted", "val" : "own", "v" : "no"}
		 			]
				}
		}
	},
	

	"site_metas" :  [
		{"name" : "cust_site_name" , "value": "", "type" : "input" , "required" : true}
		,{"name" : "cust_site_motto" , "value": "", "type" : "input" ,  "required" : true}
		,{"name" : "cust_site_owner_accronym" , "value": "", "type" : "input" ,  "required" : true}
		,{"name" : "cust_site_owner_long" , "value": "", "type" : "input" ,  "required" : true}
		,{"name" : "cust_loading_msg" , "value": "", "type" : "input" }
		,{"name" : "cust_title" , "value": "", "type" : "input" , "required" : true}
		,{"name" : "cust_logo_uri" , "value": "", "type" : "url" }
		,{"name" : "cust_favicon_uri" , "value": "", "type" : "url" }
		,{"name" : "cust_about_footer_desc" , "value": "",  "type" : "textarea",  "maxchar" : 255, "size" : 50}
		,{"name" : "cust_description" , "value": "",  "type" : "textarea",  "maxchar" : 255, "size" : 50,  "required" : true}
		,{"name" : "cust_keywords" , "value": "",  "type" : "textarea",  "maxchar" : 255, "size" : 50, "required" : true}

	], 

	"site_badwords" :  [
		{"name" : "badwords" ,  "type" : "label"} 
		,{"name" : "cust_badwords" , "value": "",  "type" : "textarea",  "maxchar" : 1000, "size" : 60}
	], 

	"site_links" :  [
		{"name" : "social_links" ,  "type" : "label"} 
		,{"name" : "cust_facebook_url" , "value": "", "type" : "url" }
		,{"name" : "cust_twitter_url" , "value": "", "type" : "url" }
		,{"name" : "cust_gplus_url" , "value": "", "type" : "url" }
		,{"name" : "cust_youtube_url" , "value": "", "type" : "url" }
		,{"name" : "footer_links" ,  "type" : "label"} 
		,{"name" : "cust_tandc_url" , "value": "", "type" : "url" }
		,{"name" : "cust_rgda_url" , "value": "", "type" : "url" }
		,{"name" : "cust_pub_url" , "value": "", "type" : "url" }
		,{"name" : "cust_contactus_url" , "value": "", "type" : "url" }
		,{"name" : "cust_aboutus_url" , "value": "", "type" : "url" }
		,{"name" : "cust_whoweare_url" , "value": "", "type" : "url" }
		,{"name" : "cust_faq_url" , "value": "", "type" : "url" }
		,{"name" : "cust_demo_url" , "value": "", "type" : "url" }
		,{"name" : "cust_pricing_url" , "value": "", "type" : "url" }
		,{"name" : "cust_help_url" , "value": "", "type" : "url" }
		,{"name" : "cust_blog_url" , "value": "", "type" : "url" }
		,{"name" : "cust_forum_url" , "value": "", "type" : "url" }
	
	], 

	"site_pages" :  [
		{"name" : "page_map" ,  "type" : "label"} 
		,{"name" : "page_map_first_p" , "value": "",  "type" : "textarea",  "maxchar" : 1000, "size" : 80}
		,{"name" : "page_map_last_p" , "value": "",  "type" : "textarea",  "maxchar" : 1000, "size" : 80}
	],

	"site_details" :  [
		{"name" : "domain_fqdn" , "value": "", "type" : "url" , "required" : true}
		,{"name" : "domain_fqdn_short" , "value": "", "type" : "url" , "required" : true}
		,{"name" : "logo_fqdn" , "value": "", "type" : "url",  "required" : true}
		,{"name" : "logo_paypal_fqdn" , "value": "", "type" : "url" }
		,{"name" : "site_name" , "value": "", "type" : "input" , "required" : true}
		,{"name" : "site_motto" , "value": "", "type" : "input" }
		,{"name" : "site_customer" , "value": "", "type" : "input" }
	], 


	"site_locale" :  [
		{"name" : "locale_default_currency" , "value": "", "type" : "input",  "required" : true}
		,{"name" : "locale_default_unit" , "value": "", "type" : "input",  "required" : true}
		,{"name" : "locale_default_country_code" , "value": "", "type" : "input",  "required" : true}
		,{"name" : "locale_default_sub_code" , "value": "", "type" : "input" }
		,{"name" : "locale_default_lat" , "value": 0, "type" : "float" , "xtype" : "lat"}
		,{"name" : "locale_default_lng" , "value": 0, "type" : "float" , "xtype" : "lng"}
	], 


	"user_admin_details" : [
		{"name" : "user_admin_login" , "value": "admin", "type" : "login" }
		,{"name" : "user_admin_password" , "value": "admin", "type" : "password" }
		,{"name" : "user_admin_email" , "value": "admin@mycompany.com", "type" : "email" }
	],

	"emails" : [
		{"name" : "email_fromadmin" , "value": "", "type" : "input", "subtype" : "emailext" }
		,{"name" : "email_admin" , "value": "", "type" : "input", "subtype" : "emailext" }
		,{"name" : "email_admin_reports" , "value": "", "type" : "input", "subtype" : "emailext" }
		,{"name" : "email_support" , "value": "", "type" : "input", "subtype" : "emailext" }
		,{"name" : "email_sales" , "value": "", "type" : "input", "subtype" : "emailext" }
		,{"name" : "emails_admin_essential_mode" , "value": true, "type" : "bool"} 
	], 

	"site_theme" : [
		{"name" : "layout_bg_pattern" , "value": "twit_24.jpg", "type" : "input"}
		,{"name" : "theme_css_url" , "value": "",  "type" : "url"  }
		,{"name" : "theme_cust_lang_url" , "value": "", "type" : "url" }
		,{"name" : "theme_master_css_url" , "value": "",  "type" : "url"  }
		,{"name" : "layout_header_widgets_en" , "value": true, "type" : "bool"} 
		,{"name" : "layout_gallerie_widgets_forced_fullwidth" , "value": true, "type" : "bool"} 
	
	], 

	"site_layout" : [
		{"name" : "enable_country_map" , "value": true, "type" : "bool"} 
		,{"name" : "max_pages_to_show" , "value": 3, "type" : "number"}
		,{"name" : "max_items_per_page" , "value": 12, "type" : "number"}
		,{"name" : "header_show_nb_ads" , "value": true, "type" : "bool"} 
		,{"name" : "widgets" ,  "type" : "label"} 
		,{"name" : "max_items_per_mod" , "value": 3, "type" : "number"} 
		,{"name" : "nb_items_per_vmod" , "value": "3", "type" : "number"}
		,{"name" : "enable_mostviewed_mod" , "value": true, "type" : "bool"} 
		,{"name" : "enable_top_mod" , "value": true, "type" : "bool"} 
		,{"name" : "enable_topgallery_mod" , "value": true, "type" : "bool"} 
		,{"name" : "enable_browsebyloc_mod" , "value": true, "type" : "bool"}
		,{"name" : "browsebyloc_fields_order" , "value": "", "type" : "input"} 
		,{"name" : "enable_latest_mod" , "value": true, "type" : "bool"} 
		,{"name" : "enable_urgent_mod" , "value": true, "type" : "bool"}
		,{"name" : "sidebar_widgets_order_list" ,  "value": "", "type" : "input"} 
		,{"name" : "enable_newsletter_widget" , "value": true, "type" : "bool"} 
		,{"name" : "categories" ,  "type" : "label"} 
		,{"name" : "max_cat_per_column" , "value": 3, "type" : "number"}
		,{"name" : "show_empty_cat" , "value": true, "type" : "bool"} 
		,{"name" : "hide_empty_cat_users" , "value": true, "type" : "bool"} 
		,{"name" : "hide_empty_buy_ad" , "value": true, "type" : "bool"} 
		,{"name" : "display_more_cat_link" , "value": true, "type" : "bool"} 
		,{"name" : "max_skills_nb" , "value": 0, "type" : "number", "postlabel" : ""}
		,{"name" : "zetvu" ,  "type" : "label"} 
		,{"name" : "disable_zetvu" , "value": false, "type" : "bool"}
		,{"name" : "zetvu_as_news" , "value": false, "type" : "bool"}
		,{"name" : "zetvu_create_by_admin_only" , "value": false, "type" : "bool"}

	], 

	"life_cycle" : [
		{"name" : "ad_preview_before" , "value": true, "type" : "bool"}
		,{"name" : "user_preview_before" , "value": true, "type" : "bool"}
		,{"name" : "draft_purge_duration" , "value": 10, "type" : "number", "postlabel" : "days"}
		,{"name" : "user_auto_approval" , "value": true, "type" : "bool"}
		,{"name" : "ad_auto_approval" , "value": true, "type" : "bool"}
		,{"name" : "dayskeepasnew" , "value": 30, "type" : "number", "postlabel" : "days"}
		,{"name" : "new_sincelastvisit_en" , "value": true, "type" : "bool"}
		,{"name" : "publishing_duration" , "value": 30, "type" : "number", "postlabel" : "days"}
		,{"name" : "archive_duration" , "value": 60, "type" : "number",  "postlabel" : "days"}
		,{"name" : "notificationbefore_duration" , "value": 7, "type" : "number", "postlabel" : "days"}
		,{"name" : "user_maxinactive_duration" , "value": 0, "type" : "input", "postlabel" : "days"}
		,{"name" : "ad_paid_nomods_aftercreation" , "value": true, "type" : "bool"}

	], 


	"adsense" : [
		{"name" : "enable_banner_adsense" , "value": true, "type" : "bool", "subtype" : ""}
		,{"name" : "banner_adsense_pos_1" , "value": "sidebar", "type" : "select" , "linkedobj" : "banner_pos_options"} 
	    ,{"name" : "banner_adsense_pos_2" , "value": "", "type" : "select", "linkedobj" : "banner_pos_options"} 

	],

	
	"packaging" : [
		{"name" : "max_tot_ads" , "value": 0, "type" : "integer"}
		,{"name" : "max_tot_ads_per_users" , "value": 0, "type" : "integer"}
		,{"name" : "max_pic_size" , "value": 500000, "type" : "integer", "postlabel" : "Bytes"}
		,{"name" : "max_pic_nb" , "value": 0, "type" : "integer"}
		,{"name" : "tbyb_end_date" , "value": "", "type" : "date"}

	], 

	"security" : [
		{"name" : "enable_badwords_filter" , "value": true, "type" : "bool"}
		,{"name" : "enable_ipblacklist_filter" , "value": true, "type" : "bool"}
		,{"name" : "enable_emailblaklist_filter" , "value": true, "type" : "bool"}
		,{"name" : "enable_contactthru_when_phone" , "value": true, "type" : "bool"}
	], 

	"social" : [
		 {"name" : "social_sharing" , "value": "", "type" : "input" }
		,{"name" : "enable_social_widget" , "value": true, "type" : "bool"} 
		,{"name" : "social_widget_list" , "value": "", "type" : "input"}
		,{"name" : "fb_integration" , "value": false, "type" : "bool"}
		,{"name" : "fb_auth" , "value": false , "type" : "bool"}
		,{"name" : "fb_url" , "value": "", "type" : "url"}
	],

	"others" : [
		{"name" : "ads fields" ,  "type" : "label"} 
		,{"name" : "urgent_ads_en" , "value": true, "type" : "bool"}
		,{"name" : "others" ,  "type" : "label"} 
		,{"name" : "google_analytics_account" , "value": "", "type" : "input" }
		,{"name" : "google_site_verification" , "value": "", "type" : "input" }
		,{"name" : "enable_auto_sitemap" , "value": false, "type" : "bool"} 
		,{"name" : "seo_include_zetvu" , "value": false, "type" : "bool"} 
		,{"name" : "enable_img_autoswipe" , "value": false, "type" : "bool"} 
		,{"name" : "enable_debug_mode" , "value": true, "type" : "bool"}
		
	],
	"superadmin" : [
		{"name" : "sales_package" ,  "type" : "label"} 
		,{"name" : "max_tot_ads" , "value": 0, "type" : "input", "postlabel" : "ads"}
		,{"name" : "max_tot_ads_per_users" , "value": 0, "type" : "input", "postlabel" : "ads"}
		,{"name" : "max_pic_size" , "value": 0, "type" : "number", "postlabel" : "bytes"}
		,{"name" : "max_pic_nb" , "value": 0, "type" : "number", "postlabel" : "pics"}
		,{"name" : "auto_pics_resize" , "value": true, "type" : "bool"}
		,{"name" : "tbyb_end_date" , "value": 0, "type" : "input"}
		,{"name" : "directory_mode" ,  "type" : "label"} 
		,{"name" : "homepage_display_what" , "value": 0, "type" : "input"}
		,{"name" : "widgets_based_on_what" , "value": 0, "type" : "input"}
		,{"name" : "advanced_layout" ,  "type" : "label"} 
		,{"name" : "split_desc_ad_details" , "value": true, "type" : "bool"}
		,{"name" : "desc_ad_details_all_bottom" , "value": true, "type" : "bool"}
		,{"name" : "security_logs" ,  "type" : "label"} 
		,{"name" : "backup_sqltable" , "value": true, "type" : "bool"}
		,{"name" : "enable_elem_logs" , "value": true, "type" : "bool"}
		,{"name" : "enable_user_logs" , "value": true, "type" : "bool"}
		,{"name" : "logs_duration" , "value": "", "type" : "number",  "postlabel" : "days" }
		,{"name" : "payment_logs_duration" , "value": "", "type" : "number",  "postlabel" : "days" }
		,{"name" : "files_manager" ,  "type" : "label"} 
		,{"name" : "enable_files_manager" , "value": true, "type" : "bool"}
		,{"name" : "files_manager_dir" , "value": 0, "type" : "input"}
		,{"name" : "files_manager_max_size" , "value": 0, "type" : "number", "postlabel" : "bytes"}
		,{"name" : "files_manager_max_nbr" , "value": "", "type" : "number",  "postlabel" : "files" }
		,{"name" : "emails_manager" ,  "type" : "label"} 
		,{"name" : "enable_emails_templates" , "value": true, "type" : "bool"}
		,{"name" : "advanced_search" ,  "type" : "label"} 
		,{"name" : "adv_search_startup" , "value": true, "type" : "bool"}
		,{"name" : "adv_search_autosuggest" , "value": true, "type" : "bool"}
		
		,{"name" : "urgent_ads_en" , "value": true, "type" : "bool"}
		,{"name" : "vfields" ,  "type" : "label"} 
		,{"name" : "enable_vfields" , "value": true, "type" : "bool"}
		,{"name" : "vfields_search" , "value": true, "type" : "bool"}
		,{"name" : "dpe_img_vfield_id" , "value": 0, "type" : "input"}
		,{"name" : "ges_img_vfield_id" , "value": 0, "type" : "input"}
		,{"name" : "user fields" ,  "type" : "label"} 
		,{"name" : "user_profile_private_en" , "value": true, "type" : "bool"}
		,{"name" : "user_profile_public_en" , "value": true, "type" : "bool"}
		,{"name" : "user_profile_pro_en" , "value": true, "type" : "bool"}
		,{"name" : "siret_control_url" , "value": "",  "type" : "url"  }
		,{"name" : "advanced theme" ,  "type" : "label"} 
		,{"name" : "theme_extra_js_url" , "value": "",  "type" : "url"  }

	]


}



