{
	"site_metas" :  [
		{"name" : "cust_site_name" , "value": "", "type" : "input" , "required" : true}
		,{"name" : "cust_site_motto" , "value": "", "type" : "input" ,  "required" : true}
		,{"name" : "cust_site_owner_accronym" , "value": "", "type" : "input" ,  "required" : true}
		,{"name" : "cust_site_owner_long" , "value": "", "type" : "input" ,  "required" : true}
		,{"name" : "cust_loading_msg" , "value": "", "type" : "input" }
		,{"name" : "cust_site_copyright" , "value": "", "type" : "input", "new":true }
		,{"name" : "cust_title" , "value": "", "type" : "input" , "required" : true}
		,{"name" : "cust_logo_uri" , "value": "", "type" : "url+uploadwithprogress",  "dest": "files" }
		,{"name" : "cust_favicon_uri" , "value": "", "type" : "url+uploadwithprogress",  "dest": "files"}
		,{"name" : "cust_about_footer_desc" , "value": "",  "type" : "textarea",  "maxchar" : 300, "size" : 50}
		,{"name" : "cust_description" , "value": "",  "type" : "textarea",  "maxchar" : 155, "size" : 50,  "required" : true}
		,{"name" : "cust_keywords" , "value": "",  "type" : "textarea",  "maxchar" : 255, "size" : 50, "required" : true}

	], 

	"site_badwords" :  [
		{"name" : "badwords" ,  "type" : "label"} 
		,{"name" : "cust_badwords" , "value": "",  "type" : "textarea",  "maxchar" : 1000, "size" : 60}
	], 

	"site_links" :  [
		{"name" : "social_links" ,  "type" : "label"} 
		,{"name" : "cust_facebook_url" , "value": "", "type" : "url" }
		,{"name" : "cust_twitter_url" , "value": "", "type" : "url" }
		,{"name" : "cust_gplus_url" , "value": "", "type" : "url" }
		,{"name" : "cust_youtube_url" , "value": "", "type" : "url" }
		,{"name" : "footer_links" ,  "type" : "label"} 
		,{"name" : "cust_tandc_url" , "value": "", "type" : "url" }
		,{"name" : "cust_rgda_url" , "value": "", "type" : "url" }
		,{"name" : "cust_cookie_url" , "value": "", "type" : "url" }
		,{"name" : "cust_pub_url" , "value": "", "type" : "url" }
		,{"name" : "cust_contactus_url" , "value": "", "type" : "url" }
		,{"name" : "cust_aboutus_url" , "value": "", "type" : "url" }
		,{"name" : "cust_whoweare_url" , "value": "", "type" : "url" }
		,{"name" : "cust_faq_url" , "value": "", "type" : "url" }
		,{"name" : "cust_demo_url" , "value": "", "type" : "url" }
		,{"name" : "cust_pricing_url" , "value": "", "type" : "url" }
		,{"name" : "cust_help_url" , "value": "", "type" : "url" }
		,{"name" : "cust_blog_url" , "value": "", "type" : "url" }
		,{"name" : "cust_forum_url" , "value": "", "type" : "url" }
		,{"name" : "cust_contact_phone" , "value": "", "type" : "url" }
	
	], 

	"coms" :  [
		{"name" : "coms_general" ,  "type" : "label"} 
		,{"name":"coms_ad_type", "type":"select"}
		,{"name":"coms_user_type", "type":"select"}
		,{"name" : "coms_desc_max_char" , "value": "",   "type" : "number", "min" : 1, "max" : 1000}
		,{"name" : "coms_max_displayed" , "value": "",   "type" : "number"}
		,{"name":"coms_abuse_unpublish_autoset", "type":"bool"}
		,{"name":"coms_edit_en", "type":"bool"}

		,{"name" : "coms_ratings" ,  "type" : "label"} 
		,{"name":"coms_rating_visual", "type":"select"}
		,{"name" : "coms_rating_nbr" , "value": "",   "type" : "number", "min" : 1, "max" : 3}
		,{"name" : "coms_rating_maxvalue" , "value": "",   "type" : "number"}
		,{"name":"coms_rating_auto_approuve", "type":"bool"}
		,{"name":"coms_rating_anonymous", "type":"bool"}
		,{"name":"coms_rating_reply_en", "type":"bool"}
		,{"name":"coms_rating_multivotes_en", "type":"bool"}
		,{"name":"coms_rating_self", "type":"bool"}

		,{"name" : "coms_comments" ,  "type" : "label"} 
		,{"name":"coms_comment_likes_en", "type":"bool"}
		,{"name":"coms_comment_dislike_en", "type":"bool"}
		,{"name":"coms_comment_auto_approuve", "type":"bool"}
		,{"name":"coms_comment_reply_en", "type":"bool"}
	], 


	"site_pages":[
	     {"name":"page_map_type", "type":"label" }
	    ,{"name":"page_home_type_url", "type":"bool"}
	    ,{"name":"page_home_url","type":"url"}
	   	,{"name":"page_php", "type":"label" }
	    ,{"name":"page_home_is_php", "type":"bool"}
	    ,{"name":"page_home_php_url","type":"url"}
	    ,{"name":"page_map_content","type":"label"}
	    ,{"name":"page_map_first_p","value":"", "type":"textarea", "size":80, "format" : "base64"}
	    ,{"name":"page_map_center_p","value":"","type":"textarea","size":80, "format" : "base64"}
	    ,{"name":"page_map_last_p", "value":"","type":"textarea","size":80, "format" : "base64"}
  ],

	"site_nav" :  [		
		{"name" : "mob_menu_style" , "value": true, "type" : "input"}
		,{"name" : "nav_no_bar" , "value": true, "type" : "bool"}
		,{"name" : "maincat_list" , "value": true, "type" : "phparray_lang", "lab":true }
		,{"name" : "disable_zetvu" , "value": false, "type" : "bool"}
		,{"name" : "enable_country_map" , "value": true, "type" : "bool"}
		,{"name" : "header_show_nb_ads" , "value": true, "type" : "bool"}
		,{"name" : "hide_nb_ads" , "value": true, "type" : "bool"} 
		,{"name" : "extra links on nav page" ,  "type" : "label"} 
		,{"name" : "extra_main_nav_link1_title" , "value": "", "type" : "input" }
		,{"name" : "extra_main_nav_link1_url" , "value": "", "type" : "url" }
		,{"name" : "extra_main_nav_link2_title" , "value": "", "type" : "input" }
		,{"name" : "extra_main_nav_link2_url" , "value": "", "type" : "url" }
		,{"name" : "extra_main_nav_link3_title" , "value": "", "type" : "input" }
		,{"name" : "extra_main_nav_link3_url" , "value": "", "type" : "url" }
	],

	"nav_search" :  [
		{"name" : "adv_search_startup" , "value": true, "type" : "bool"}
		,{"name" : "adv_search_startup_mobile" , "value": true, "type" : "bool", "lab":true}
		,{"name" : "adv_search_autosuggest" , "value": true, "type" : "bool"}
		,{"name" : "urgent_ads_en" , "value": true, "type" : "bool"}
		,{"name" : "advs_no_freetext" , "value": true, "type" : "bool"}
		,{"name" : "advs_forced_vfields" , "value": "", "type" : "input" }
		,{"name" : "adv_search_location" , "value": "", "type" : "select"}
		,{"name" : "locale_location_list_mode" , "value": "", "type" : "select", "lab":true }
		,{"name" : "advs_cityzip" , "value": "", "type" : "bool", "lab":true }
		,{"name" : "advs_cityzip_mode" , "value": "", "type" : "select", "lab":true }
		,{"name" : "advs_cityzip_country_restriction" , "value": "", "type" : "input", "lab":true }
		,{"name" : "advs_type_mode" , "value": "", "type" : "select", "new":true }
		,{"name" : "advs_protype" , "value": true, "type" : "bool"}

		,{"name" : "advs_in_title_only" , "value": true, "type" : "bool" }
		,{"name" : "advs_with_photo" , "value": true, "type" : "bool" }
		,{"name" : "advs_with_video" , "value": true, "type" : "bool" }
		,{"name" : "advs_with_audio" , "value": true, "type" : "bool"}
	],

	"site_details" :  [
		{"name" : "domain_fqdn" , "value": "", "type" : "url" , "required" : true}
		,{"name" : "domain_fqdn_short" , "value": "", "type" : "url" , "required" : true}
		,{"name" : "logo_fqdn" , "value": "", "type" : "url+uploadwithprogress",  "dest": "files", "required" : true}
		,{"name" : "logo_paypal_fqdn" , "value": "", "type" : "url+uploadwithprogress",  "dest": "files" }
		,{"name" : "site_name" , "value": "", "type" : "input" , "required" : true}
		,{"name" : "site_motto" , "value": "", "type" : "input" }
		,{"name" : "site_customer" , "value": "", "type" : "input" }
	], 


	"site_locale" :  [
		{"name" : "locale_default_currency" , "value": "", "type" : "input",  "required" : true}
		,{"name" : "locale_default_unit" , "value": "", "type" : "input",  "required" : true}
		,{"name" : "locale_default_country_code" , "value": "", "type" : "input",  "required" : true}
		,{"name" : "locale_default_sub_code" , "value": "", "type" : "input" }
		,{"name" : "locale_default_lat" , "value": 0, "type" : "float" , "xtype" : "lat"}
		,{"name" : "locale_default_lng" , "value": 0, "type" : "float" , "xtype" : "lng"}
		,{"name" : "locale_gmap_zoom" , "value": 0, "type" : "number"}
		,{"name" : "go_api_key" , "value": false , "type" : "url", "new":true} 
		,{"name" : "locale_location_restrictfield" , "value": "", "type" : "input" , "new":true}
		,{"name" : "locale_location_restrictvalues" , "value": "", "type" : "input" , "new":true}
		,{"name" : "locale_new_regions_fr" , "value": "", "type" : "bool" , "new":true}
		,{"name" : "locale_disp_mode" , "value": "", "type" : "input",  "required" : true, "new":true}

		,{"name" : "locale_ad_for" , "value": "", "type" : "select", "lab":true }

		,{"name" : "gmap_custom_marker_url" , "value": "", "type" : "url" }
		,{"name" : "disable_localization_validation" , "value": true, "type" : "bool"} 
		,{"name" : "dis_ad_loc" , "value": true, "type" : "bool"} 
		,{"name" : "dis_user_loc" , "value": true, "type" : "bool"}
		,{"name" : "authorized_languages" , "value": true, "type" : "phparray_lang"}
		,{"name" : "en_streetview" , "value": true, "type" : "bool"}
		,{"name" : "en_gmap_in_display" , "value": true, "type" : "bool"}
		
	], 

	"user_admin_details" : [
		{"name" : "user_admin_login" , "value": "admin", "type" : "login" }
		,{"name" : "user_admin_password" , "value": "admin", "type" : "password" }
		,{"name" : "user_admin_email" , "value": "admin@mycompany.com", "type" : "email" }
	],

	"emails" : [
		{"name" : "email_fromadmin" , "value": "", "type" : "input", "subtype" : "emailext" }
		,{"name" : "email_admin" , "value": "", "type" : "input", "subtype" : "emailext" }
		,{"name" : "email_admin_reports" , "value": "", "type" : "input", "subtype" : "emailext" }
		,{"name" : "email_support" , "value": "", "type" : "input", "subtype" : "emailext" }
		,{"name" : "email_sales" , "value": "", "type" : "input", "subtype" : "emailext" }
		,{"name" : "static_email_image_url" , "value": "", "type" : "url+uploadwithprogress",  "dest": "files"}
		,{"name" : "emails_admin_hourly_send" , "value": true, "type" : "bool"} 
		,{"name" : "emails_admin_essential_mode" , "value": true, "type" : "bool" } 
	], 

	"fields" : [
		{"name" : "vfields" ,  "type" : "label"} 
		,{"name" : "enable_vfields" , "value": true, "type" : "bool"}
		,{"name" : "vfields_search" , "value": true, "type" : "bool"}
		,{"name" : "dpe_img_vfield_id" , "value": 0, "type" : "input"}
		,{"name" : "ges_img_vfield_id" , "value": 0, "type" : "input"}
		,{"name" : "vfields_display_hide_zerovalue" , "value": true, "type" : "bool"}
		,{"name" : "vfields_mandatory" , "value": true, "type" : "bool" ,"new":true}
		,{"name" : "advs_forced_vfields" , "value": "", "type" : "input" }
		,{"name" : "seo_forced_vfields" , "value": 0, "type" : "input"}

		,{"name" : "general fields" ,  "type" : "label"} 
		,{"name" : "enable_img_autoswipe" , "value": false, "type" : "bool"}
		,{"name" : "img_zoom_en" , "value": false, "type" : "bool"} 
		,{"name" : "auto_pics_resize" , "value": true, "type" : "bool"}
		,{"name" : "pics_slideshow" , "value": true, "type" : "bool","new":true}
		,{"name" : "picture_rec_online" , "value": false, "type" : "bool"} 
		,{"name" : "medias_drop_zone_en" , "value": false, "type" : "bool","new":true} 
		,{"name" : "en_richeditor" , "value": false, "type" : "bool","new":true} 
		
		,{"name" : "general field for ad" ,  "type" : "label"} 
		,{"name" : "urgent_ads_en" , "value": true, "type" : "bool"}
		,{"name" : "links_on_ad" , "value": "",   "type" : "number" }
		,{"name" : "price_field_second" , "value": true, "type" : "bool","new":true }
		,{"name" : "price_field_disable" , "value": true, "type" : "bool"}
		,{"name" : "price_field_expression" , "value": true, "type" : "input"}
		,{"name" : "desc_max_char" , "value": "",   "type" : "number"}
		,{"name" : "en_ad_hits" , "value": false, "type" : "bool" } 
		,{"name" : "en_ad_likes" , "value": false, "type" : "bool" } 
		,{"name" : "reset_all_ad_likes" , "value": true, "type" : "admin-action", "zaction":"resetalllikes&what=ad",  "new":true}
		,{"name" : "split_desc_ad_details" , "value": true, "type" : "bool"}
		,{"name" : "desc_ad_details_all_bottom" , "value": true, "type" : "bool"}
		
		,{"name" : "user fields" ,  "type" : "label"} 
		,{"name" : "user_profile_par_en" , "value": true, "type" : "bool"}
		,{"name" : "user_profile_pro_en" , "value": true, "type" : "bool"}
		,{"name" : "indir_pro_only" , "value": true, "type" : "bool"}
		,{"name" : "indir_yes_default" , "value": true, "type" : "bool"}
		,{"name" : "siret_control_url" , "value": "",  "type" : "url"  }
		,{"name" : "location_restricted_disp" , "value": "",  "type" : "bool"  }	
		,{"name" : "links_on_user" , "value": "",   "type" : "number"  }
		,{"name" : "user_enable_newsletter" , "value": "",  "type" : "bool"  }
		,{"name" : "en_user_hits" , "value": false, "type" : "bool","new":true } 
		,{"name" : "en_user_likes" , "value": false, "type" : "bool","new":true } 
		,{"name" : "reset_all_user_likes" , "value": true, "type" : "admin-action", "zaction":"resetalllikes&what=user",  "new":true}

		,{"name" : "audio settings" ,  "type" : "label"} 
		,{"name" : "audio_ad_en" , "value": true, "type" : "bool", "new":true}
		,{"name" : "audio_user_en" , "value": true, "type" : "bool", "new":true}
		,{"name" : "audio_file_max_size" , "value": 0, "type" : "number", "postlabel" : "bytes", "new":true}
		,{"name" : "audio_file_max_nbr" , "value": 0, "type" : "number", "postlabel" : "file(s)", "new":true}
		,{"name" : "audio_file_ext" ,  "value": "", "type" : "input", "new":true} 
		,{"name" : "audio_file_download" , "value": true, "type" : "bool", "new":true}
		,{"name" : "audio_autoplay" , "value": true, "type" : "bool", "new":true}
		,{"name" : "audio_rec_online" , "value": true, "type" : "bool", "new":true}
		,{"name" : "audio_rec_max_duration" , "value": "",   "type" : "number" ,"postlabel" : "sec.", "new":true}
		,{"name" : "audio_rec_ext" ,  "value": "", "type" : "input", "new":true} 


		,{"name" : "doc settings" ,  "type" : "label"} 
		,{"name" : "doc_ad_en" , "value": true, "type" : "bool", "new":true}
		,{"name" : "doc_file_max_size" , "value": 0, "type" : "number", "postlabel" : "bytes", "new":true}
		,{"name" : "doc_file_max_nbr" , "value": 0, "type" : "number", "postlabel" : "file(s)", "new":true}
		,{"name" : "doc_file_ext" ,  "value": "", "type" : "input", "new":true} 

		,{"name" : "ad vtags" ,  "type" : "label"} 
		,{"name" : "vtag1_en" , "value": "",  "type" : "bool"  }
		,{"name" : "vtag1_url" , "value": "",  "type" : "url"  }
		,{"name" : "vtag1_boolean" , "value": "",  "type" : "bool" , "new":true }
		,{"name" : "vtag2_en" , "value": "",  "type" : "bool"  }
		,{"name" : "vtag2_url" , "value": "",  "type" : "url"  }
		,{"name" : "vtag3_en" , "value": "",  "type" : "bool"  }
		,{"name" : "vtag3_url" , "value": "",  "type" : "url"  }
		,{"name" : "vtag4_en" , "value": "",  "type" : "bool"  }
		,{"name" : "vtag4_url" , "value": "",  "type" : "url"  }
		,{"name" : "vtag5_en" , "value": "",  "type" : "bool"  }
		,{"name" : "vtag5_url" , "value": "",  "type" : "url"  }

	],


	"calendars" : [
		{"name" : "rental mode" ,  "type" : "label"} 
		,{"name" : "rental_mode_en" , "value": true, "type" : "bool"}
		,{"name" : "rental_mode_all_cat" , "value": true, "type" : "bool"}
		,{"name" : "calendar_for_protype" , "value": "", "type" : "select", "new":true }
		,{"name" : "calendar_auto_load" , "value": true, "type" : "bool"}
		,{"name" : "calendar_disable_before" , "value": true, "type" : "bool"}
		,{"name" : "calendar_week_start_day" , "value": "",   "type" : "number" }
		,{"name" : "calendar_rolling_months" , "value": "",   "type" : "number" }
		,{"name" : "cookie_save_calendar_nav" , "value": true, "type" : "bool"}
	], 

	"alerts" : [
		{"name" : "alert_en" , "value": true, "type" : "bool", "new":true }
		,{"name" : "alert_acl" , "value": "", "type" : "select", "new":true }
		,{"name" : "alert_max_per_user" , "value": "",   "type" : "number" , "new":true }
		,{"name" : "alert_pooling_period_hours" , "value": "",   "type" : "number", "new":true  }
		,{"name" : "alert_expire_after_days" , "value": "",   "type" : "number" , "new":true }
	], 


	"site_layout" : [
		{"name" : "general" ,  "type" : "label"} 
		,{"name" : "max_pages_to_show" , "value": 3, "type" : "number"}
		,{"name" : "max_items_per_page" , "value": 12, "type" : "number"}
		,{"name" : "enable_infinite_nav" , "value": true, "type" : "bool"} 
		,{"name" : "enable_infinite_scroll" , "value": true, "type" : "bool"} 
		
				
		,{"name" : "list_viewmodes" ,  "type" : "label"} 
		,{"name" : "simple_list_view_en" , "value": true, "type" : "bool" } 
		,{"name" : "gmap_list_view_en" , "value": true, "type" : "bool" } 
		,{"name" : "gallery_list_view_en" , "value": true, "type" : "bool"} 
		,{"name" : "video_list_view_en" , "value": true, "type" : "bool"} 
		,{"name" : "audio_list_view_en" , "value": true, "type" : "bool"} 
		,{"name" : "list_default_view" , "value": true, "type" : "select"}
		,{"name" : "list_nav_pro_par" , "value": true, "type" : "bool", "new":true }
		,{"name" : "activate_text_scroll" , "value": true, "type" : "bool"} 

		,{"name" : "widgets" ,  "type" : "label"} 
		,{"name" : "max_items_per_mod" , "value": 3, "type" : "number"} 
		,{"name" : "nb_items_per_vmod" , "value": "3", "type" : "number"}
		,{"name" : "widget_fullwidth" , "value": true, "type" : "bool", "new":true}
		,{"name" : "dynamic_update_widgets" , "value": true, "type" : "bool"}
		,{"name" : "enable_mostviewed_mod" , "value": true, "type" : "bool"} 
		,{"name" : "enable_top_mod" , "value": true, "type" : "bool"} 
		,{"name" : "enable_topgallery_mod" , "value": true, "type" : "bool"} 
		,{"name" : "layout_gallerie_widgets_forced_fullwidth" , "value": true, "type" : "bool"}
		,{"name" : "enable_latest_mod" , "value": true, "type" : "bool"} 
		,{"name" : "enable_urgent_mod" , "value": true, "type" : "bool"}
		,{"name" : "enable_newsletter_widget" , "value": true, "type" : "bool"} 
		,{"name" : "sidebar_widgets_order_list" ,  "value": "", "type" : "input"}
		,{"name" : "enable_browsebyloc_mod" , "value": true, "type" : "bool"}
		,{"name" : "browsebyloc_fields_order" , "value": "", "type" : "input"} 
		,{"name" : "max_cat_on_sidebar" , "value": 3, "type" : "number"}
		,{"name" : "userrelads_fullwidth" , "value": true, "type" : "bool", "new":true}
		,{"name" : "userrelads_nbr" , "value": true, "type" : "number", "new":true}
		
		,{"name" : "categories" ,  "type" : "label"} 
		,{"name" : "max_cat_per_column" , "value": 3, "type" : "number"}
		,{"name" : "show_empty_cat" , "value": true, "type" : "bool"} 
		,{"name" : "hide_empty_cat_users" , "value": true, "type" : "bool"} 
		,{"name" : "hide_empty_buy_ad" , "value": true, "type" : "bool"} 
		,{"name" : "display_more_cat_link" , "value": true, "type" : "bool"} 
		,{"name" : "max_skills_nb" , "value": 0, "type" : "number", "postlabel" : ""}
		,{"name" : "maincat_user_pid" , "value": true, "type" : "bool", "new":true} 

		,{"name" : "zetvu" ,  "type" : "label"} 
		,{"name" : "disable_zetvu" , "value": false, "type" : "bool"}
		,{"name" : "zetvu_create_by_admin_only" , "value": false, "type" : "bool"}
		,{"name" : "zetvu_visible_acl" , "value": false, "type" : "integer"}
		,{"name" : "zetvu_as_news" , "value": false, "type" : "bool"}
		,{"name" : "zetvu_as_video_tuto" , "value": false, "type" : "bool"}

		,{"name" : "theme_style" ,  "type" : "label"}
		
		,{"name" : "layout_header_widgets_en" , "value": true, "type" : "bool"} 
		,{"name" : "about_in_header" , "value": true, "type" : "bool", "new":true}
		,{"name" : "layout_bg_pattern" , "value": "twit_24.jpg", "type" : "input"}
		,{"name" : "loading_img" , "value": "", "type" : "url", "new":true }
		
		,{"name" : "theme_css_url" , "value": "",  "type" : "url"  }
		,{"name" : "theme_master_css_url" , "value": "",  "type" : "url"  }
		,{"name" : "theme_mobile_css_url" , "value": "",  "type" : "url" , "new":true  }

		,{"name" : "theme_cust_lang_url" , "value": "", "type" : "url" }
		,{"name" : "theme_extra_js_url" , "value": "",  "type" : "url"  }
		,{"name" : "scroll_top_px" , "value": false, "type" : "number", "postlabel" : "pixels"}
		,{"name" : "ad_video_size_width" , "value": 0, "type" : "number", "postlabel" : "pixels"} 
		,{"name" : "no_mobile_css" , "value": false, "type" : "bool", "new":true}
	
	], 

	"life_cycle" : [
		{"name" : "general" ,  "type" : "label"} 
		,{"name" : "publishing_duration" , "value": 30, "type" : "number", "postlabel" : "days"}
		,{"name" : "archive_duration" , "value": 60, "type" : "number",  "postlabel" : "days"}
		,{"name" : "notificationbefore_duration" , "value": 7, "type" : "number", "postlabel" : "days"}
		,{"name" : "draft_purge_duration" , "value": 10, "type" : "number", "postlabel" : "days"}
		,{"name" : "dayskeepasnew" , "value": 30, "type" : "number", "postlabel" : "days"}
		,{"name" : "new_sincelastvisit_en" , "value": true, "type" : "bool"}
		,{"name" : "ad life-cycle" ,  "type" : "label"} 
		,{"name" : "ad_preview_before" , "value": true, "type" : "bool"}
		,{"name" : "ad_auto_approval" , "value": true, "type" : "bool"}
		,{"name" : "ad_paid_nomods_aftercreation" , "value": true, "type" : "bool"}
		,{"name" : "ad_nomods_afterexpiration" , "value": true, "type" : "bool"}
		,{"name" : "ad_expiration_for" , "value": "", "type" : "select", "lab":true }


		
		,{"name" : "user life-cycle" ,  "type" : "label"} 
		,{"name" : "user_preview_before" , "value": true, "type" : "bool"}
		,{"name" : "user_auto_approval" , "value": true, "type" : "bool"}
		,{"name" : "user_maxinactive_duration" , "value": 0, "type" : "number", "postlabel" : "days"}
		,{"name" : "user_no_expiration_for_admin" , "value": true, "type" : "bool", "new":true}
		,{"name" : "user_maxarchive_duration" , "value": 0, "type" : "number", "postlabel" : "days"}
		,{"name" : "account_reactivate_en" , "value": true, "type" : "bool"}


		
	], 


	"adsense" : [
		{"name" : "enable_banner_adsense" , "value": true, "type" : "bool", "subtype" : ""}
		,{"name" : "banner_adsense_pos_1" , "value": "sidebar", "type" : "select" , "linkedobj" : "banner_pos_options"} 
	    ,{"name" : "banner_adsense_pos_2" , "value": "", "type" : "select", "linkedobj" : "banner_pos_options"} 

	],

	
	"packaging" : [
		{"name" : "max_tot_ads" , "value": 0, "type" : "integer"}
		,{"name" : "max_tot_ads_per_users" , "value": 0, "type" : "integer"}
		,{"name" : "max_pic_size" , "value": 500000, "type" : "integer", "postlabel" : "Bytes"}
		,{"name" : "max_pic_nb" , "value": 0, "type" : "integer"}
		,{"name" : "tbyb_end_date" , "value": "", "type" : "date"}

	], 

	"services" : [
		{"name" : "general" ,  "type" : "label"} 
		,{"name" : "services_version" , "value": 0, "type" : "input"}
		,{"name" : "services_force_default_at_start" , "value": true, "type" : "bool"}
		,{"name" : "services_multi_en" , "value": true, "type" : "bool"}
		,{"name" : "services_notif_before_days" , "value": 0, "type" : "number", "postlabel" : "Days"}
		,{"name" : "services_deleteall_after_days_expiration" , "value": 0, "type" : "number", "postlabel" : "Days"}
		,{"name" : "services_notify_en" , "value": true, "type" : "bool"}
		,{"name" : "paid_options" ,  "type" : "label"} 
		,{"name" : "services_price_free_during_trial" , "value": true, "type" : "bool"}
		,{"name" : "all_price_freeofcharge" , "value": true, "type" : "bool",  "new":true}
		,{"name" : "services_pro_free_options_list" , "value": 0, "type" : "input"}
		,{"name" : "paid_options_price_free" , "value": 0, "type" : "bool"}
	], 

	"security" : [
		{"name" : "contact options" ,  "type" : "label"} 
		,{"name" : "enable_contactthru_when_phone" , "value": true, "type" : "bool"}
		,{"name" : "userdetails_only_for" , "value": true, "type" : "select", "new":true}
		,{"name" : "userdetails_contact_thru_site" , "value": true, "type" : "bool", "new":true}
		,{"name" : "email_as_image_en" , "value": true, "type" : "bool"}
		,{"name" : "phone_as_image_en" , "value": true, "type" : "bool"}

		,{"name" : "user_create_with_ad" , "value": true, "type" : "bool", "new":true}
		,{"name" : "user_create_with_ad_expiration_days" , "value": "", "type" : "number",  "postlabel" : "days" , "new":true}

		
		,{"name" : "general" ,  "type" : "label"} 
		,{"name" : "enable_badwords_filter" , "value": true, "type" : "bool"}
		,{"name" : "enable_url_noself_filter" , "value": true, "type" : "bool"}
		,{"name" : "enable_ipblacklist_filter" , "value": true, "type" : "bool"}
		,{"name" : "enable_emailblaklist_filter" , "value": true, "type" : "bool"}

		,{"name" : "miscelaneous" ,  "type" : "label"} 
		,{"name" : "lostpassword_link" , "value": true, "type" : "bool"}
		,{"name" : "en_get_ip_details" , "value": true, "type" : "bool","lab":true}

		,{"name" : "verify" ,  "type" : "label"} 
		,{"name" : "verify_en" , "value": true, "type" : "bool", "lab":true}
		,{"name" : "verify_publish_rule" , "value": true, "type" : "bool", "lab":true}
		,{"name" : "verify_status_vemail" , "value": true, "type" : "bool", "lab":true}
		,{"name" : "verify_status_vmobilephone" , "value": true, "type" : "bool", "lab":true}
		,{"name" : "verify_status_social" , "value": true, "type" : "bool", "lab":true}
		,{"name" : "verify_status_ip" , "value": true, "type" : "bool", "lab":true}
		,{"name" : "verify_status_email" , "value": true, "type" : "bool", "lab":true}
		,{"name" : "verify_status_mob" , "value": true, "type" : "bool", "lab":true}
		,{"name" : "verify_status_location" , "value": true, "type" : "bool", "lab":true}
		,{"name" : "verify_status_photo" , "value": true, "type" : "bool", "lab":true}
		,{"name" : "verify_status_siret" , "value": true, "type" : "bool", "lab":true}
		,{"name" : "verify_status_review" , "value": true, "type" : "bool", "lab":true}


		,{"name" : "legal" ,  "type" : "label"} 
		,{"name" : "cookiename" , "value": "", "type" : "input"}
		,{"name" : "max_session_duration" , "value": "", "type" : "input", "new":true}
		,{"name" : "cookie_duration_adult_disclamer" , "value": "", "type" : "input"}
		,{"name" : "filter_adult_in_list" , "value": true, "type" : "bool"}
		,{"name" : "admin_acl_only_admin" , "value": true, "type" : "bool"}
		,{"name" : "cookie_display_cookies_disclamer" , "value": true, "type" : "bool"}
		,{"name" : "api/cron tokens" ,  "type" : "label"} 
		,{"name" : "cron_token" , "value": "", "type" : "tokenbox", "type2": "cron_token", "new":true}
		
		,{"name" : "watermark" ,  "type" : "label" , "new":true} 
		,{"name" : "watermark_en" , "value": true, "type" : "bool"}
		,{"name" : "watermark_file_url" , "type" : "url"}
		,{"name" : "watermark_free_text" , "value": "", "type" : "input"}
		,{"name" : "watermark_pos" , "value": "", "type" : "select", "new":true}
		,{"name" : "watermark_test_it" , "value": true, "type" : "admin-action", "zaction":"testtmp2&what=watermark",  "new":true}


	], 

	"social" : [
		{"name" : "social_toolbars" , "type" : "label"}
		,{"name" : "social_sharing" , "value": "", "type" : "input" }
		,{"name" : "social_widget_list" , "value": "", "type" : "input"}
		,{"name" : "enable_social_widget" , "value": true, "type" : "bool"} 
		,{"name" : "social_connect_general" , "type" : "label"}
		,{"name" : "oauth_sso_en" , "value": true, "type" : "bool"} 
		,{"name" : "oauth_auto_create_user" , "value": true, "type" : "bool"} 
		,{"name" : "oauth_auto_create_user_default_planid" , "value": "", "type" : "input", "new":true }
		,{"name" : "facebook_settings" ,  "type" : "label"} 
		,{"name" : "fb_integration" , "value": false, "type" : "bool"}
		,{"name" : "fb_url" , "value": "", "type" : "url"}
		,{"name" : "fb_auth" , "value": false , "type" : "bool"}
		,{"name" : "fb_appid" , "value": "", "type" : "url"}
	    ,{"name" : "google_settings" ,  "type" : "label"}
	    ,{"name" : "go_api_key" , "value": false , "type" : "url", "new":true} 
	   	,{"name" : "go_auth" , "value": false , "type" : "bool"}
	    ,{"name" : "go_client_id" , "value": false , "type" : "url"}
	   	,{"name" : "twitter_settings" ,  "type" : "label"} 
	   	,{"name" : "tw_auth" , "value": false , "type" : "bool"}
	    ,{"name" : "tw_appid" , "value": false , "type" : "url"}
	    ,{"name" : "tw_secret" , "value": false , "type" : "url"}
	    ,{"name" : "linkedin_settings" ,  "type" : "label"} 
	   	,{"name" : "lk_auth" , "value": false , "type" : "bool"}
	    ,{"name" : "lk_appid" , "value": false , "type" : "url"}
	   	,{"name" : "lk_secret" , "value": false , "type" : "url"}

	],

	"paypal" : [
		{"name" : "paypal_section" ,  "type" : "label"} 
		,{"name" : "paypal_sandbox" , "value": true , "type" : "bool"}
		,{"name" : "paypal_forced_localecode" , "value": "", "type" : "input",  "required" : true, "new":true}
		,{"name" : "paypal_user" , "value": "", "type" : "email"}
		,{"name" : "paypal_password" , "value": "", "type" : "input"}
		,{"name" : "paypal_signature" , "value": "", "type" : "input"}
		,{"name" : "other_payments" ,  "type" : "label"} 
		,{"name" : "payment_method" , "value": "", "type" : "input"}
		,{"name" : "payment_manual_mode" , "value": true , "type" : "bool"}
		,{"name" : "invoice_section" ,  "type" : "label"} 
		,{"name" : "invoice_number_format" , "value": "", "type" : "input"}
		,{"name" : "invoice_companyname" , "value": "", "type" : "input"}
		,{"name" : "invoice_vat" , "value": "", "type" : "input"}
		,{"name" : "invoice_company_address" , "value": "",  "type" : "textarea",  "maxchar" : 255, "size" : 50,  "required" : true}
		,{"name" : "invoice_footertext" , "value": "",  "type" : "textarea",  "maxchar" : 255, "size" : 50,  "required" : true}

	],

	"others" : [
		{"name" : "header" ,  "type" : "label"} 
		,{"name" : "google_analytics_account" , "value": "", "type" : "input" }
		,{"name" : "google_site_verification" , "value": "", "type" : "input" }
		,{"name" : "extra_header_info" , "value": "",  "type" : "textarea",  "maxchar" : 2000, "size" : 50, "format" : "base64"}
		
		,{"name" : "sitemap" ,  "type" : "label"} 
		,{"name" : "enable_auto_sitemap" , "value": true, "type" : "bool"} 
		,{"name" : "sitemap_publishing_en" , "value": true, "type" : "bool" }
		,{"name" : "seo_include_zetvu" , "value": false, "type" : "bool"}
		,{"name" : "xtrasitemap_xml_url" , "value": true, "type" : "url" }
		,{"name" : "sitemap_file" , "value": true, "type" : "sitemapbox"}
		,{"name" : "robots_file" , "value": true, "type" : "robotsbox", "new":true}
		,{"name" : "seo_catlist" , "value": 0, "type" : "input"}
		,{"name" : "cache" , "value": true, "type" : "cachebox", "new":true}
		,{"name" : "force_file_version" , "value": true, "type" : "bool", "new":true}
		
		,{"name" : "seo" ,  "type" : "label"} 
		,{"name" : "seo_forced_vfields" , "value": 0, "type" : "input"}
		,{"name" : "seo_add_fields" , "value": 0, "type" : "input","new":true}
		,{"name" : "seo_add_fields_pos" , "value": 0, "type" : "input","new":true}
		,{"name" : "seo_add_fields_sep" , "value": 0, "type" : "input","new":true}
		,{"name" : "seo_display_fqdn" , "value": false, "type" : "bool","new":true}
		
		,{"name" : "seo_advanced" ,  "type" : "label"} 
		,{"name" : "seo_googlebot_directhtml" , "value": false, "type" : "bool","new":true}
		,{"name" : "seo_inspect_like_googlebot" , "value": false, "type" : "bool","new":true}
		,{"name" : "seo_display_ugly_url" , "value": false, "type" : "bool","new":true}
		,{"name" : "seo_full_php_site" , "value": false, "type" : "bool","new":true}
		
		,{"name" : "others" ,  "type" : "label"} 
		,{"name" : "site_off_line" , "value": true, "type" : "bool" }
		,{"name" : "cat_filter_protype" , "value": true, "type" : "bool", "new":true }
		,{"name" : "disable_translation" , "value": true, "type" : "bool" }
		,{"name" : "robot_name" , "value": "", "type" : "input" } 

		
	],
	"superadmin" : [
		{"name" : "sales_package" ,  "type" : "label"} 
		,{"name" : "max_tot_ads" , "value": 0, "type" : "input", "postlabel" : "ads"}
		,{"name" : "max_tot_ads_per_users" , "value": 0, "type" : "input", "postlabel" : "ads"}
		,{"name" : "max_pic_size" , "value": 0, "type" : "number", "postlabel" : "bytes"}
		,{"name" : "max_pic_nb" , "value": 0, "type" : "number", "postlabel" : "pics"}
		,{"name" : "your_subscription" , "value": 0, "type" : "select"}
		,{"name" : "tbyb_end_date" , "value": 0, "type" : "input"}
		,{"name" : "directory_mode" ,  "type" : "label"} 
		,{"name" : "homepage_display_what" , "value": 0, "type" : "input"}
		,{"name" : "widgets_based_on_what" , "value": 0, "type" : "input"}
		,{"name" : "advanced_layout" ,  "type" : "label"} 
		
		,{"name" : "super_notifications" ,  "type" : "label"}
		,{"name" : "email_superadmin" , "value": "", "type" : "email", "new":true}
		
		,{"name" : "security_logs" ,  "type" : "label"} 
		,{"name" : "backup_sqltable" , "value": true, "type" : "bool"}
		,{"name" : "backup_deleteall" , "value": true, "type" : "bool", "new":true}
		,{"name" : "enable_elem_logs" , "value": true, "type" : "bool"}
		,{"name" : "enable_user_logs" , "value": true, "type" : "bool"}
		,{"name" : "logs_duration" , "value": "", "type" : "number",  "postlabel" : "days" }
		,{"name" : "payment_logs_duration" , "value": "", "type" : "number",  "postlabel" : "days" }
		,{"name" : "enable_visitors_logs" , "value": true, "type" : "bool" ,"new":true}
		,{"name" : "visitors_logs_duration" , "value": "", "type" : "number",  "postlabel" : "days" ,"new":true}
		
		,{"name" : "debug" ,  "type" : "label"} 
		,{"name" : "enable_debug_mode" , "value": true, "type" : "bool"}
		,{"name" : "enable_debug_jstools" , "value": true, "type" : "bool"}
		,{"name" : "enable_debug_footer" , "value": true, "type" : "bool","new":true}
		,{"name" : "debug_level" , "value": true, "type" : "integer"}
		,{"name" : "enable_trace_log" , "value": true, "type" : "bool"}
		,{"name" : "debug_file" , "value": true, "type" : "debugbox", "new":true}
		
		,{"name" : "files_manager" ,  "type" : "label"} 
		,{"name" : "enable_files_manager" , "value": true, "type" : "bool"}
		,{"name" : "files_manager_dir" , "value": 0, "type" : "input"}
		,{"name" : "files_manager_max_size" , "value": 0, "type" : "number", "postlabel" : "bytes"}
		,{"name" : "files_manager_max_nbr" , "value": "", "type" : "number",  "postlabel" : "files" }
		
		,{"name" : "emails_manager" ,  "type" : "label"} 
		,{"name" : "enable_emails_templates" , "value": true, "type" : "bool"}
		,{"name" : "emails_templates_enh" , "value": true, "type" : "bool","new":true}
		,{"name" : "emails_templates_dir" , "value": 0, "type" : "input","new":true}
		
		,{"name" : "hosting_cdn" ,  "type" : "label"}
		,{"name" : "en_gzip" , "value": false, "type" : "bool"}
		,{"name" : "cdn_en" , "value": true, "type" : "bool"}
		,{"name" : "cdn_url" , "value": false , "type" : "url"}

		,{"name" : "miscelaneous" ,  "type" : "label"}
		,{"name" : "style_switcher_en" , "value": true, "type" : "bool"}
		,{"name" : "en_fields_selection" , "value": true, "type" : "bool", "lab":true}
		,{"name" : "main_content_width_short_en" , "value": true, "type" : "bool"} 

	]


}



